NOMBRE,Month,LST_mean,LST_p25,LST_p75,anio_actual
Calicheros,1.0,35.134407,33.676196,37.051843,35.726301
Belloto 2000,1.0,38.738594,37.006149,40.573249,38.759277
Belloto Centro,1.0,38.238055,36.856324,39.955361,38.206191
Bernando Ohiggins,1.0,37.621136,36.327926,39.418368,37.666676
Cruz del Sur,1.0,38.415880,36.164676,39.646174,38.374302
82,1.0,38.483138,37.086331,40.361063,38.281321
Belloto Norte,1.0,37.273860,35.715517,38.282962,37.359021
E.E.U.U,1.0,37.801750,36.091868,39.207807,37.509658
Lincoyan,1.0,37.856739,35.973318,39.022448,37.760568
Los Colonos,1.0,36.749909,35.206402,38.467256,36.252058
Patricio Lynch,1.0,37.983324,36.655795,39.544663,37.319078
Santa Marta,1.0,38.227855,36.808415,39.500694,37.512466
Cantera,1.0,38.502235,36.956111,40.105022,38.030591
Decimo Sector,1.0,37.361667,36.293370,38.666641,37.073974
Estero Viejo,1.0,38.193928,36.227383,39.541339,38.147496
Matilde,1.0,37.527539,35.943260,38.959681,36.414510
San Cristobal,1.0,37.484959,36.677635,39.087692,37.273858
Tierras Rojas,1.0,37.892837,36.279624,39.586321,37.367563
Decimo Sector,1.0,38.191538,36.998626,39.326311,36.998626
Matilde,1.0,37.798910,36.748415,40.031346,36.578343
Los Pinos,1.0,34.792043,33.246973,36.252395,34.811201
Marga Marga,1.0,35.820647,34.666354,37.046786,35.862071
60,1.0,37.804245,36.791186,39.233334,36.791186
Castillo Blanco,1.0,37.244593,35.731361,38.950807,37.168467
El Tranque,1.0,36.552775,34.973210,38.336014,36.788448
Jose Miguel Carrera,1.0,37.300437,36.523341,39.602489,37.189907
Las Rosas,1.0,36.917410,35.349497,38.449714,37.028110
Piloto Pardo,1.0,36.991032,35.247778,38.296176,36.780357
Porvenir,1.0,35.155149,33.478099,36.240899,34.669394
Textil Viña,1.0,37.411038,35.684622,39.066915,37.451476
21 de Mayo,1.0,35.803231,34.644509,37.390467,35.738814
Barros Arana,1.0,36.397113,34.595514,38.282918,36.598948
La Granja,1.0,36.821115,36.241645,38.297953,36.285191
Las Viñas,1.0,35.820529,35.316562,37.645700,35.609394
Los Estanques,1.0,35.625219,34.877835,37.144213,35.167006
Mena,1.0,36.411101,34.884301,38.110867,36.449926
Pedro Montt,1.0,36.026828,34.616873,37.887425,36.140916
Victoria Oriente,1.0,37.671541,37.127732,38.916160,37.070187
Victoria Poniente,1.0,36.245256,35.483836,38.002559,35.924472
Villa Olimpica,1.0,37.793438,37.136242,39.510954,37.735507
Araya,1.0,36.357308,35.050378,38.132923,36.367286
Arturo Prat,1.0,36.458462,34.814113,37.940839,36.432352
Blanco,1.0,36.443986,34.809736,38.230888,36.487151
Centro,1.0,36.736574,35.475261,38.611841,36.499937
Colina de Oro,1.0,33.187431,31.754028,34.576020,33.741441
El Esfuerzo,1.0,36.532569,34.976175,38.306270,37.019951
Emparte,1.0,36.391693,34.718496,37.454581,36.348372
Esmeralda,1.0,35.759723,34.264148,37.271472,34.729342
Liceo,1.0,36.479723,35.193758,38.254454,36.592702
Poblacion Esperanza,1.0,35.858810,34.278394,37.624750,36.318191
Poblacion Ferroviaria,1.0,37.077679,35.813588,39.115100,37.083530
R. Sotomayor,1.0,36.682639,35.359111,38.322028,36.632569
San Cristobal2,1.0,37.407499,35.971760,39.471006,38.209041
Sol del Pacifico,1.0,36.908750,35.167533,38.793170,37.722068
Soublete (Francisco Bilbao),1.0,35.890068,34.512287,37.895810,35.817618
Thompson,1.0,36.773199,35.653468,38.702420,36.502756
M. Mena,1.0,35.021305,34.153124,37.093091,35.015481
Manuel Rodriguez,1.0,35.541351,34.711341,37.561933,35.491069
No Organizada,1.0,33.544700,32.482833,35.352427,33.283932
Pompeya Norte,1.0,34.032800,33.331195,36.127356,34.033884
Pompeya Sur,1.0,34.897550,33.932467,36.082435,33.811206
Valencia Alto,1.0,34.603572,34.028234,37.014524,34.395488
Costa Sol,1.0,36.085409,34.747395,37.330118,33.037712
California,1.0,37.102191,36.079323,39.009666,36.978962
Camilo Henriquez,1.0,35.830418,34.589963,37.761529,36.447647
El Bosque,1.0,34.912073,32.932474,35.945635,35.059622
El Sol,1.0,35.262842,33.890637,37.156182,35.410620
General Baquedano,1.0,36.102801,34.509164,37.752894,36.210277
Infante,1.0,35.038885,33.829665,36.819819,35.001978
Lo Gamboa,1.0,37.878696,36.404974,39.627625,37.866709
Los Espinos,1.0,34.982341,32.884015,36.688856,35.375310
Retiro,1.0,35.264488,33.390785,36.860296,35.330472
Viñas del Sol,1.0,35.462374,33.536135,37.173275,36.033261
Buenos Aires,1.0,35.738408,34.286163,37.512297,35.865423
Casa de Valencia,1.0,35.201066,33.991218,36.532139,34.901573
Hevia,1.0,35.393385,34.672421,37.307892,35.160822
Humbolt,1.0,34.904979,33.681397,36.716131,34.840343
Phillips,1.0,35.075625,33.746877,36.778965,35.208328
Poblacion Argentina,1.0,33.036125,32.106559,34.601499,32.211508
Poblacion Canal Chacao,1.0,34.934465,34.103771,36.266211,35.629044
San Gregorio,1.0,36.068488,35.167404,37.789545,35.844127
Valencia Bajo,1.0,35.281369,34.251012,37.326561,35.155275
Villa Paso Hondo,1.0,34.050146,33.113481,35.779841,33.838309
Calicheros,2.0,33.735266,32.991641,35.514212,38.033024
Belloto 2000,2.0,37.576152,36.256115,38.381922,40.171556
Belloto Centro,2.0,36.932461,35.798443,37.628769,39.732666
Bernando Ohiggins,2.0,36.306074,35.047319,37.209412,38.732614
Cruz del Sur,2.0,36.956808,35.563129,37.515252,39.288169
82,2.0,37.577078,36.212077,38.271368,40.369991
Belloto Norte,2.0,35.696533,34.544850,36.151733,38.234206
E.E.U.U,2.0,36.340970,34.888977,37.275557,38.542474
Lincoyan,2.0,36.216763,35.071337,36.683569,38.975278
Los Colonos,2.0,35.347727,33.533525,36.496121,37.793744
Patricio Lynch,2.0,36.588451,34.905274,37.490727,38.736107
Santa Marta,2.0,36.786009,35.243451,37.715702,38.697970
Cantera,2.0,37.076058,35.535498,37.765433,38.911515
Decimo Sector,2.0,35.895512,34.426792,36.912313,37.869360
Estero Viejo,2.0,36.511555,35.347546,37.158850,38.876073
Matilde,2.0,36.210931,34.193795,36.834710,37.621069
San Cristobal,2.0,36.068570,34.436035,36.872301,37.996846
Tierras Rojas,2.0,36.645994,35.290364,37.347473,38.557916
Decimo Sector,2.0,36.393777,35.207698,37.745800,37.745800
Matilde,2.0,36.646485,34.829984,37.494668,37.677462
Los Pinos,2.0,33.241965,32.006040,34.522947,36.222884
Marga Marga,2.0,34.217514,33.043649,35.154995,36.901406
60,2.0,36.288072,35.134459,37.130763,37.537277
Castillo Blanco,2.0,36.192619,34.966772,36.729435,38.511224
El Tranque,2.0,35.371161,34.087983,36.367765,38.192365
Jose Miguel Carrera,2.0,35.967397,34.870753,37.151006,38.646221
Las Rosas,2.0,35.431932,34.649063,36.368108,37.996116
Piloto Pardo,2.0,35.484377,34.269996,36.133383,37.753014
Porvenir,2.0,33.781839,31.917771,34.917821,36.655049
Textil Viña,2.0,36.115289,34.768298,36.722631,38.224712
21 de Mayo,2.0,34.504261,33.845933,35.544797,38.380016
Barros Arana,2.0,34.527242,33.913356,35.834017,38.446236
La Granja,2.0,35.755130,34.553025,36.899725,38.551352
Las Viñas,2.0,34.624166,34.038396,36.165472,37.787400
Los Estanques,2.0,34.542995,33.655982,35.364317,37.690947
Mena,2.0,34.754030,34.101612,35.745317,38.162361
Pedro Montt,2.0,34.685362,33.985909,36.001054,38.159815
Victoria Oriente,2.0,36.495124,35.451931,37.892205,38.382422
Victoria Poniente,2.0,34.999879,34.028087,36.135745,37.516473
Villa Olimpica,2.0,36.357031,35.617889,37.899495,39.478923
Araya,2.0,35.057088,34.016138,36.265832,38.079839
Arturo Prat,2.0,34.681796,33.806995,35.804657,38.050240
Blanco,2.0,34.765456,33.623266,35.902163,38.300076
Centro,2.0,35.282303,33.886324,36.045590,38.410904
Colina de Oro,2.0,32.026043,30.986126,33.033786,35.533509
El Esfuerzo,2.0,35.180671,34.584405,36.159416,37.919044
Emparte,2.0,34.686352,33.650685,35.411410,38.090442
Esmeralda,2.0,34.020083,33.163335,35.405872,36.606218
Liceo,2.0,34.911593,33.949272,36.183050,38.329931
Poblacion Esperanza,2.0,34.401433,33.451517,35.348373,37.812720
Poblacion Ferroviaria,2.0,35.756393,34.652250,36.984326,38.803771
R. Sotomayor,2.0,35.128719,34.081750,36.344949,38.123585
San Cristobal2,2.0,36.189529,35.262256,37.323756,39.471210
Sol del Pacifico,2.0,35.593284,34.640018,36.087960,38.242478
Soublete (Francisco Bilbao),2.0,34.635212,33.511643,35.787766,37.714761
Thompson,2.0,35.329332,34.173044,36.448179,38.337378
M. Mena,2.0,33.881536,32.875730,34.927932,37.683030
Manuel Rodriguez,2.0,34.576688,33.780356,35.644289,37.989115
No Organizada,2.0,32.779717,31.689167,33.933811,35.476246
Pompeya Norte,2.0,32.998130,31.933089,34.376069,36.001516
Pompeya Sur,2.0,33.625222,32.538365,34.929152,36.088136
Valencia Alto,2.0,34.003757,32.909136,34.964530,37.335783
Costa Sol,2.0,34.456851,32.609417,35.739776,35.067542
California,2.0,35.687117,34.538619,36.838342,38.558198
Camilo Henriquez,2.0,34.712278,33.086821,35.854901,37.468854
El Bosque,2.0,33.585116,31.688795,34.265588,36.726295
El Sol,2.0,34.026323,32.879636,35.274862,37.413580
General Baquedano,2.0,34.693309,33.536364,35.855440,38.027978
Infante,2.0,33.745647,32.366068,34.987124,37.421894
Lo Gamboa,2.0,36.791855,35.139525,37.531387,39.559737
Los Espinos,2.0,33.527217,32.342391,34.343806,36.588349
Retiro,2.0,33.718683,32.442043,34.747269,37.321096
Viñas del Sol,2.0,34.202839,32.658316,34.710545,37.332383
Buenos Aires,2.0,34.264107,33.314029,35.343053,38.507551
Casa de Valencia,2.0,33.518041,32.559323,34.611998,37.685335
Hevia,2.0,34.693070,33.262071,35.336835,38.788432
Humbolt,2.0,33.815417,32.682853,34.685195,37.564943
Phillips,2.0,33.889089,33.088697,34.998880,38.282134
Poblacion Argentina,2.0,31.708171,30.488647,32.920930,34.926141
Poblacion Canal Chacao,2.0,33.414029,32.417256,34.794366,38.334231
San Gregorio,2.0,34.856927,33.708380,35.682351,39.004221
Valencia Bajo,2.0,34.376200,33.302023,35.349312,38.443367
Villa Paso Hondo,2.0,32.481898,31.331534,33.785124,35.560517
Calicheros,3.0,30.256754,29.043164,31.245693,31.288998
Belloto 2000,3.0,33.304400,31.735970,34.114001,34.404174
Belloto Centro,3.0,32.759793,30.884866,33.688883,33.687604
Bernando Ohiggins,3.0,32.027120,30.642825,32.932332,32.780127
Cruz del Sur,3.0,32.855636,30.725720,33.338426,33.338426
82,3.0,33.898466,32.216875,34.202065,34.266948
Belloto Norte,3.0,31.307413,29.805821,32.059121,32.024658
E.E.U.U,3.0,32.150676,30.972012,32.915055,32.017628
Lincoyan,3.0,31.985347,30.338701,32.698660,32.698660
Los Colonos,3.0,31.267608,30.089504,31.877745,31.085947
Patricio Lynch,3.0,32.202107,31.001722,33.216027,32.178816
Santa Marta,3.0,32.450171,31.155224,33.130141,32.266236
Cantera,3.0,33.250506,31.792342,33.510456,33.350332
Decimo Sector,3.0,31.913717,30.874833,32.399149,32.062135
Estero Viejo,3.0,32.626325,31.000116,32.945587,32.956896
Matilde,3.0,31.940268,30.696603,33.145948,31.745038
San Cristobal,3.0,32.239802,30.797523,32.666930,31.777465
Tierras Rojas,3.0,32.924377,31.213471,33.179659,32.971276
Decimo Sector,3.0,32.589558,31.474494,33.377783,31.703953
Matilde,3.0,32.240435,31.588148,33.417206,31.703790
Los Pinos,3.0,29.860707,28.734026,30.557973,29.860707
Marga Marga,3.0,30.719058,29.081263,31.204442,30.720477
60,3.0,32.267614,31.040810,33.224521,31.434778
Castillo Blanco,3.0,32.491784,30.773981,32.826421,32.804162
El Tranque,3.0,31.942481,30.386813,32.495094,32.495094
Jose Miguel Carrera,3.0,31.981710,31.096893,33.007323,33.025828
Las Rosas,3.0,31.650445,29.982860,32.351469,32.351469
Piloto Pardo,3.0,31.664733,30.012756,32.295879,31.968427
Porvenir,3.0,30.139310,28.261298,30.764359,29.846130
Textil Viña,3.0,32.429480,30.936194,32.766022,32.584473
21 de Mayo,3.0,30.793968,30.198046,31.973953,31.930949
Barros Arana,3.0,31.401330,29.718431,32.327952,32.710078
La Granja,3.0,32.165673,30.675849,33.254638,32.737287
Las Viñas,3.0,31.062734,30.398094,32.151663,32.151663
Los Estanques,3.0,30.784250,29.859222,31.888942,31.659678
Mena,3.0,31.274484,30.153163,32.338938,32.574826
Pedro Montt,3.0,31.078892,30.237094,32.284751,32.319364
Victoria Oriente,3.0,32.859079,31.818539,33.768907,32.988164
Victoria Poniente,3.0,31.321198,30.220219,32.497440,32.058529
Villa Olimpica,3.0,33.011925,31.743447,33.439906,33.534484
Araya,3.0,31.456173,30.326058,32.234460,32.349033
Arturo Prat,3.0,30.887726,29.786013,32.156306,32.374702
Blanco,3.0,30.831410,29.969107,32.236077,32.301397
Centro,3.0,31.261080,30.244917,32.443112,32.257955
Colina de Oro,3.0,28.960762,27.268554,29.314967,29.169517
El Esfuerzo,3.0,31.588544,29.983493,32.111246,32.111246
Emparte,3.0,31.073674,29.737570,32.154071,32.305373
Esmeralda,3.0,30.127188,29.206891,31.358135,30.670334
Liceo,3.0,31.156213,29.970130,32.223418,32.457621
Poblacion Esperanza,3.0,31.179523,29.088536,31.616384,31.750477
Poblacion Ferroviaria,3.0,32.125623,30.854492,32.816158,33.033310
R. Sotomayor,3.0,31.345020,30.491943,32.428923,32.490127
San Cristobal2,3.0,32.794260,31.289676,33.143270,33.224819
Sol del Pacifico,3.0,31.656490,30.262970,32.380183,32.380183
Soublete (Francisco Bilbao),3.0,30.926392,29.306334,31.971495,32.043425
Thompson,3.0,31.361297,30.319702,32.451914,32.323997
M. Mena,3.0,30.240503,29.558616,31.376057,31.391195
Manuel Rodriguez,3.0,30.936976,30.113868,32.020660,31.664515
No Organizada,3.0,29.112760,27.865958,30.192211,29.112760
Pompeya Norte,3.0,29.004081,28.464279,30.084045,29.555400
Pompeya Sur,3.0,29.997033,29.057202,31.064113,30.141302
Valencia Alto,3.0,30.291501,29.326991,31.206565,30.291501
Costa Sol,3.0,30.615623,28.626079,31.925224,28.626079
California,3.0,32.164272,30.756593,32.935106,32.545010
Camilo Henriquez,3.0,31.076798,29.832499,31.715139,31.583009
El Bosque,3.0,29.712955,28.255010,30.585349,29.663127
El Sol,3.0,30.831784,29.313981,31.506042,31.350151
General Baquedano,3.0,31.046411,29.990464,31.984946,32.086561
Infante,3.0,29.888012,28.888820,31.053021,30.764422
Lo Gamboa,3.0,33.024701,31.426912,33.750157,33.584779
Los Espinos,3.0,29.763297,28.193303,30.762872,30.593459
Retiro,3.0,30.337408,28.847097,31.057962,30.855825
Viñas del Sol,3.0,30.153581,28.395560,30.916438,30.879524
Buenos Aires,3.0,30.693090,29.662858,31.569807,31.252024
Casa de Valencia,3.0,30.100895,28.869801,30.636793,30.100895
Hevia,3.0,30.868882,29.667315,31.869960,30.850865
Humbolt,3.0,30.649648,29.468968,31.228245,31.036743
Phillips,3.0,30.977708,29.677652,31.520034,31.409572
Poblacion Argentina,3.0,28.312675,27.171496,28.967333,27.599422
Poblacion Canal Chacao,3.0,30.030882,28.574373,31.055499,30.827455
San Gregorio,3.0,31.133672,29.949967,31.998119,31.385087
Valencia Bajo,3.0,30.748194,29.795046,31.738985,31.079659
Villa Paso Hondo,3.0,28.211323,27.426201,29.268035,28.211323
Calicheros,4.0,23.814305,22.341502,25.391199,25.477286
Belloto 2000,4.0,26.357047,24.278935,27.430988,28.268429
Belloto Centro,4.0,25.780486,23.893944,26.974943,27.685058
Bernando Ohiggins,4.0,25.249833,23.488586,26.220202,27.030391
Cruz del Sur,4.0,25.472678,23.864463,27.021063,27.427873
82,4.0,26.160430,24.825641,27.487732,28.212702
Belloto Norte,4.0,24.384368,22.531300,25.887730,26.285543
E.E.U.U,4.0,24.826674,23.710709,26.671408,26.460867
Lincoyan,4.0,24.887330,23.267096,26.259647,26.844164
Los Colonos,4.0,24.299106,23.123267,25.639463,25.734223
Patricio Lynch,4.0,25.209799,23.957114,26.834423,26.722422
Santa Marta,4.0,25.359430,24.112632,27.051431,26.767965
Cantera,4.0,25.420818,24.153501,27.066200,27.384659
Decimo Sector,4.0,24.308032,23.421963,26.261304,26.242432
Estero Viejo,4.0,24.901131,23.484626,26.343696,26.914454
Matilde,4.0,24.975734,23.618735,26.693651,26.173253
San Cristobal,4.0,24.812583,23.839123,26.248029,26.172404
Tierras Rojas,4.0,25.011828,23.569055,26.412234,26.901655
Decimo Sector,4.0,25.324453,23.867762,26.803329,25.857914
Matilde,4.0,25.272717,23.863719,26.791473,25.946672
Los Pinos,4.0,23.522135,22.077875,24.829379,24.889468
Marga Marga,4.0,23.786036,22.003140,25.120347,25.482769
60,4.0,25.077190,23.747717,26.525366,25.843523
Castillo Blanco,4.0,25.215389,23.383538,26.479381,27.030037
El Tranque,4.0,24.920680,22.922793,26.250637,26.688843
Jose Miguel Carrera,4.0,25.081262,23.376242,26.609839,26.873193
Las Rosas,4.0,24.704140,22.445685,26.080697,26.344115
Piloto Pardo,4.0,24.548145,22.533693,25.980102,26.226719
Porvenir,4.0,23.319031,21.786315,24.754148,24.819913
Textil Viña,4.0,25.060365,23.206489,26.475221,26.568533
21 de Mayo,4.0,25.304967,22.908485,26.458971,25.955025
Barros Arana,4.0,25.656830,22.793281,26.298776,26.288384
La Granja,4.0,25.665991,24.060731,26.763195,26.290307
Las Viñas,4.0,25.256568,23.972358,26.037736,25.922665
Los Estanques,4.0,24.920515,23.351241,26.148963,25.565143
Mena,4.0,25.250842,22.856527,26.183967,26.166451
Pedro Montt,4.0,25.381887,23.075075,26.250713,25.933741
Victoria Oriente,4.0,25.895038,24.615410,27.448267,26.984610
Victoria Poniente,4.0,24.943779,23.852188,26.170528,25.974141
Villa Olimpica,4.0,25.776827,24.757359,27.108461,27.027755
Araya,4.0,24.937202,22.747080,26.068448,26.421292
Arturo Prat,4.0,25.041068,22.578419,25.837385,25.744287
Blanco,4.0,24.952236,22.132882,25.926214,26.032091
Centro,4.0,25.217283,23.057251,25.926322,25.606599
Colina de Oro,4.0,22.648841,20.819590,24.003671,24.086311
El Esfuerzo,4.0,24.651623,22.415031,25.555588,26.244656
Emparte,4.0,24.924984,22.093437,26.295528,25.920072
Esmeralda,4.0,24.553648,21.999286,25.273380,25.030171
Liceo,4.0,25.119437,22.407045,25.854522,26.090284
Poblacion Esperanza,4.0,24.413887,22.044705,25.365100,26.059040
Poblacion Ferroviaria,4.0,25.286561,24.088107,26.515929,27.106077
R. Sotomayor,4.0,25.056665,22.806445,26.090848,26.452927
San Cristobal2,4.0,25.602336,23.998805,27.072266,27.509416
Sol del Pacifico,4.0,24.821546,22.891201,25.672586,26.555108
Soublete (Francisco Bilbao),4.0,24.737265,22.461132,26.020834,26.254271
Thompson,4.0,25.694910,22.511521,26.190986,25.837364
M. Mena,4.0,24.661431,22.861690,25.661486,25.516382
Manuel Rodriguez,4.0,25.292033,23.638718,26.446955,25.691916
No Organizada,4.0,23.852237,22.391129,25.265808,23.779806
Pompeya Norte,4.0,23.585215,21.704087,24.948638,23.627941
Pompeya Sur,4.0,24.211769,22.879596,25.594474,24.128420
Valencia Alto,4.0,24.639444,23.081419,26.108366,24.708268
Costa Sol,4.0,23.822989,22.523224,25.867697,22.637105
California,4.0,24.889054,23.528098,26.289130,26.606742
Camilo Henriquez,4.0,24.168116,22.912436,25.572270,26.085805
El Bosque,4.0,23.325300,21.972857,24.659891,24.851937
El Sol,4.0,24.206846,22.542175,25.544021,25.646399
General Baquedano,4.0,24.548113,22.287641,25.879420,26.029930
Infante,4.0,24.006490,22.036266,25.052251,24.699697
Lo Gamboa,4.0,25.744915,23.714953,27.170960,27.430069
Los Espinos,4.0,23.455621,21.580785,24.546360,24.954300
Retiro,4.0,23.899512,21.938268,24.942162,24.894667
Viñas del Sol,4.0,23.603464,21.913792,24.675214,25.345599
Buenos Aires,4.0,24.800699,22.678616,25.960008,25.598370
Casa de Valencia,4.0,24.053963,21.774676,25.464166,24.728341
Hevia,4.0,25.237072,23.190919,26.839189,25.726996
Humbolt,4.0,24.854332,22.511826,26.137458,25.419070
Phillips,4.0,25.012771,23.057935,26.330933,25.896613
Poblacion Argentina,4.0,22.778801,21.196360,24.371625,22.273085
Poblacion Canal Chacao,4.0,24.510682,23.629847,25.839619,25.719475
San Gregorio,4.0,25.301618,23.511128,26.927119,25.749574
Valencia Bajo,4.0,25.219826,23.064041,26.745442,25.804642
Villa Paso Hondo,4.0,22.156941,21.047906,23.803726,22.933785
Calicheros,5.0,16.279824,15.215507,17.386459,-9999.000000
Belloto 2000,5.0,17.075463,15.890879,18.986316,-9999.000000
Belloto Centro,5.0,17.010468,15.852788,18.680753,-9999.000000
Bernando Ohiggins,5.0,16.495234,15.433731,18.111661,-9999.000000
Cruz del Sur,5.0,16.698057,15.718737,18.627638,-9999.000000
82,5.0,17.509570,16.376286,19.792923,-9999.000000
Belloto Norte,5.0,15.495440,14.747416,17.781097,-9999.000000
E.E.U.U,5.0,16.266971,14.947547,18.010918,-9999.000000
Lincoyan,5.0,16.156900,15.003730,18.319914,-9999.000000
Los Colonos,5.0,16.404333,14.815332,17.700217,-9999.000000
Patricio Lynch,5.0,16.153610,15.461991,18.516693,-9999.000000
Santa Marta,5.0,16.405236,15.251949,18.495621,-9999.000000
Cantera,5.0,16.841654,16.105835,18.744544,-9999.000000
Decimo Sector,5.0,16.289237,15.053976,18.015762,-9999.000000
Estero Viejo,5.0,16.172404,15.357284,18.445335,-9999.000000
Matilde,5.0,16.435907,15.460693,18.362873,-9999.000000
San Cristobal,5.0,16.456971,15.541360,18.583316,-9999.000000
Tierras Rojas,5.0,16.491608,15.519073,17.973282,-9999.000000
Decimo Sector,5.0,16.665197,15.119953,18.496348,-9999.000000
Matilde,5.0,16.325596,15.505072,19.121914,-9999.000000
Los Pinos,5.0,15.605158,14.654122,17.650402,-9999.000000
Marga Marga,5.0,15.855065,14.806065,18.002264,-9999.000000
60,5.0,16.224101,15.096872,18.894984,-9999.000000
Castillo Blanco,5.0,16.305469,15.729800,18.344054,-9999.000000
El Tranque,5.0,16.392986,15.759146,18.452325,-9999.000000
Jose Miguel Carrera,5.0,16.555329,15.740227,18.431966,-9999.000000
Las Rosas,5.0,16.376112,15.298988,18.056906,-9999.000000
Piloto Pardo,5.0,16.000702,15.324220,17.958811,-9999.000000
Porvenir,5.0,15.421249,14.409642,17.648106,-9999.000000
Textil Viña,5.0,16.114687,15.498889,18.302553,-9999.000000
21 de Mayo,5.0,17.242564,15.826090,18.763837,-9999.000000
Barros Arana,5.0,17.400842,15.961621,18.894583,-9999.000000
La Granja,5.0,17.291425,16.507818,19.329331,-9999.000000
Las Viñas,5.0,17.448067,16.045167,18.817291,-9999.000000
Los Estanques,5.0,16.992119,15.795076,18.929825,-9999.000000
Mena,5.0,17.272323,15.859621,18.884738,-9999.000000
Pedro Montt,5.0,17.325024,16.177501,18.795969,-9999.000000
Victoria Oriente,5.0,17.837668,16.437681,20.137881,-9999.000000
Victoria Poniente,5.0,17.192564,15.775578,18.606001,-9999.000000
Villa Olimpica,5.0,17.403568,16.053754,18.597503,-9999.000000
Araya,5.0,16.533866,15.686896,18.311681,-9999.000000
Arturo Prat,5.0,16.827343,15.696222,18.520068,-9999.000000
Blanco,5.0,16.759772,15.585381,18.674848,-9999.000000
Centro,5.0,16.993070,15.746179,18.742904,-9999.000000
Colina de Oro,5.0,15.430065,14.187108,16.598467,-9999.000000
El Esfuerzo,5.0,16.130397,15.347550,17.872918,-9999.000000
Emparte,5.0,17.190820,15.566380,19.300267,-9999.000000
Esmeralda,5.0,15.948120,14.608082,17.604310,-9999.000000
Liceo,5.0,16.370012,15.601557,18.170892,-9999.000000
Poblacion Esperanza,5.0,16.535445,15.227348,18.038837,-9999.000000
Poblacion Ferroviaria,5.0,16.635014,16.094273,18.872532,-9999.000000
R. Sotomayor,5.0,16.870394,15.979918,18.880651,-9999.000000
San Cristobal2,5.0,17.337200,15.875768,19.858821,-9999.000000
Sol del Pacifico,5.0,16.273129,15.255971,18.193664,-9999.000000
Soublete (Francisco Bilbao),5.0,16.185305,15.643660,18.082586,-9999.000000
Thompson,5.0,17.114991,15.864755,18.721592,-9999.000000
M. Mena,5.0,16.973168,15.357046,18.306250,-9999.000000
Manuel Rodriguez,5.0,17.175542,16.120196,19.119335,-9999.000000
No Organizada,5.0,16.461835,14.866356,17.885005,-9999.000000
Pompeya Norte,5.0,15.533212,14.527370,17.492847,-9999.000000
Pompeya Sur,5.0,16.375708,15.008713,18.473844,-9999.000000
Valencia Alto,5.0,16.700291,15.480391,18.491396,-9999.000000
Costa Sol,5.0,16.593674,14.900491,18.065835,-9999.000000
California,5.0,16.959020,15.815090,18.342642,-9999.000000
Camilo Henriquez,5.0,16.111670,14.886434,17.976170,-9999.000000
El Bosque,5.0,15.885528,14.592877,17.365680,-9999.000000
El Sol,5.0,16.565170,15.215010,18.282752,-9999.000000
General Baquedano,5.0,16.429555,15.321533,18.158753,-9999.000000
Infante,5.0,16.298214,15.028617,17.943455,-9999.000000
Lo Gamboa,5.0,17.306409,16.265687,19.372778,-9999.000000
Los Espinos,5.0,15.504532,14.059545,16.863022,-9999.000000
Retiro,5.0,15.899179,14.785693,17.599736,-9999.000000
Viñas del Sol,5.0,15.863863,14.184283,17.137440,-9999.000000
Buenos Aires,5.0,16.974927,15.727567,18.172725,-9999.000000
Casa de Valencia,5.0,16.450390,14.915482,17.512587,-9999.000000
Hevia,5.0,17.222113,16.122133,18.837160,-9999.000000
Humbolt,5.0,17.076516,15.815544,18.627239,-9999.000000
Phillips,5.0,17.341734,15.968003,18.796484,-9999.000000
Poblacion Argentina,5.0,15.449704,14.011090,16.904732,-9999.000000
Poblacion Canal Chacao,5.0,16.915735,14.915504,18.687352,-9999.000000
San Gregorio,5.0,17.669444,16.166345,19.046939,-9999.000000
Valencia Bajo,5.0,17.274121,16.187960,19.276234,-9999.000000
Villa Paso Hondo,5.0,15.110639,13.480100,16.321428,-9999.000000
Calicheros,6.0,13.235543,12.717989,13.930464,-9999.000000
Belloto 2000,6.0,14.363780,13.365340,15.401879,-9999.000000
Belloto Centro,6.0,14.043810,13.174735,15.144007,-9999.000000
Bernando Ohiggins,6.0,13.583447,13.253694,14.342923,-9999.000000
Cruz del Sur,6.0,13.874534,13.064844,14.836562,-9999.000000
82,6.0,14.326991,13.660620,15.495973,-9999.000000
Belloto Norte,6.0,12.779942,12.466772,13.522912,-9999.000000
E.E.U.U,6.0,12.709471,12.371093,13.712510,-9999.000000
Lincoyan,6.0,13.257466,12.231343,14.301483,-9999.000000
Los Colonos,6.0,12.875423,12.221716,13.609026,-9999.000000
Patricio Lynch,6.0,13.346283,12.829346,14.365886,-9999.000000
Santa Marta,6.0,13.070388,12.583992,13.927486,-9999.000000
Cantera,6.0,13.652411,13.193489,14.761677,-9999.000000
Decimo Sector,6.0,13.051145,12.323447,13.780093,-9999.000000
Estero Viejo,6.0,13.233196,12.873902,14.204570,-9999.000000
Matilde,6.0,13.524831,12.507077,14.681015,-9999.000000
San Cristobal,6.0,13.386490,12.802897,14.599964,-9999.000000
Tierras Rojas,6.0,13.447139,12.736735,14.402748,-9999.000000
Decimo Sector,6.0,13.616908,12.507299,14.606844,-9999.000000
Matilde,6.0,13.612969,12.715120,14.896188,-9999.000000
Los Pinos,6.0,12.990502,12.573793,14.221125,-9999.000000
Marga Marga,6.0,12.910729,12.560786,14.136449,-9999.000000
60,6.0,13.385850,12.537778,14.786685,-9999.000000
Castillo Blanco,6.0,13.682799,13.312601,15.085927,-9999.000000
El Tranque,6.0,13.651794,13.174498,14.906008,-9999.000000
Jose Miguel Carrera,6.0,13.498265,13.141670,14.377034,-9999.000000
Las Rosas,6.0,13.228352,12.817677,14.542652,-9999.000000
Piloto Pardo,6.0,13.321433,12.673909,14.361878,-9999.000000
Porvenir,6.0,12.490716,12.009581,13.680518,-9999.000000
Textil Viña,6.0,13.556837,12.896576,14.712629,-9999.000000
21 de Mayo,6.0,14.229479,13.802631,15.339374,-9999.000000
Barros Arana,6.0,14.564501,13.923250,15.137057,-9999.000000
La Granja,6.0,14.317992,13.482808,15.374738,-9999.000000
Las Viñas,6.0,14.223703,13.675115,15.500381,-9999.000000
Los Estanques,6.0,14.017508,12.992413,14.906644,-9999.000000
Mena,6.0,14.168910,13.878073,15.274593,-9999.000000
Pedro Montt,6.0,14.233761,13.957954,14.930466,-9999.000000
Victoria Oriente,6.0,14.566986,13.595953,15.822448,-9999.000000
Victoria Poniente,6.0,13.950868,13.393048,14.969167,-9999.000000
Villa Olimpica,6.0,14.146672,13.580733,15.263531,-9999.000000
Araya,6.0,13.637476,13.134883,14.766598,-9999.000000
Arturo Prat,6.0,14.083086,13.587519,14.811502,-9999.000000
Blanco,6.0,13.728899,13.405575,14.710067,-9999.000000
Centro,6.0,13.938724,13.498857,15.081231,-9999.000000
Colina de Oro,6.0,12.561578,12.083519,13.413816,-9999.000000
El Esfuerzo,6.0,13.251577,12.799417,14.430421,-9999.000000
Emparte,6.0,13.909268,12.999922,14.676585,-9999.000000
Esmeralda,6.0,13.238443,11.813248,14.590181,-9999.000000
Liceo,6.0,13.844867,13.256523,14.939334,-9999.000000
Poblacion Esperanza,6.0,13.467337,12.916391,14.849065,-9999.000000
Poblacion Ferroviaria,6.0,13.864067,13.456645,14.996046,-9999.000000
R. Sotomayor,6.0,13.932510,13.411571,14.794967,-9999.000000
San Cristobal2,6.0,14.223298,13.923376,15.346113,-9999.000000
Sol del Pacifico,6.0,13.597662,12.990040,14.834895,-9999.000000
Soublete (Francisco Bilbao),6.0,13.566363,13.098515,14.580065,-9999.000000
Thompson,6.0,14.036598,13.295704,14.805495,-9999.000000
M. Mena,6.0,13.745107,13.340731,15.013332,-9999.000000
Manuel Rodriguez,6.0,14.161718,13.402512,15.210507,-9999.000000
No Organizada,6.0,13.145938,11.971966,13.985089,-9999.000000
Pompeya Norte,6.0,13.173191,11.971211,13.795630,-9999.000000
Pompeya Sur,6.0,13.851072,12.266346,14.646167,-9999.000000
Valencia Alto,6.0,13.968513,12.938421,14.920159,-9999.000000
Costa Sol,6.0,13.490386,11.425492,14.624396,-9999.000000
California,6.0,13.777455,12.610197,14.546526,-9999.000000
Camilo Henriquez,6.0,13.121161,12.513706,14.003106,-9999.000000
El Bosque,6.0,12.963078,12.238465,13.638951,-9999.000000
El Sol,6.0,13.290843,12.730405,14.283782,-9999.000000
General Baquedano,6.0,13.417891,12.993181,14.589016,-9999.000000
Infante,6.0,13.220496,12.734780,14.266077,-9999.000000
Lo Gamboa,6.0,14.078637,13.640915,15.336498,-9999.000000
Los Espinos,6.0,12.469220,11.829143,13.343242,-9999.000000
Retiro,6.0,12.896674,12.398105,13.863001,-9999.000000
Viñas del Sol,6.0,12.568297,11.914385,13.335559,-9999.000000
Buenos Aires,6.0,13.968787,13.237238,14.972438,-9999.000000
Casa de Valencia,6.0,13.492137,12.573501,14.263219,-9999.000000
Hevia,6.0,14.514372,13.674477,15.650878,-9999.000000
Humbolt,6.0,14.115869,13.617458,14.822756,-9999.000000
Phillips,6.0,14.276995,13.852854,15.534691,-9999.000000
Poblacion Argentina,6.0,12.874991,11.032351,13.365190,-9999.000000
Poblacion Canal Chacao,6.0,14.307489,13.382714,14.788819,-9999.000000
San Gregorio,6.0,14.539374,13.669233,15.790076,-9999.000000
Valencia Bajo,6.0,14.419786,13.717190,15.604123,-9999.000000
Villa Paso Hondo,6.0,12.052207,11.566433,12.764264,-9999.000000
Calicheros,7.0,12.054972,11.601509,12.725446,-9999.000000
Belloto 2000,7.0,13.857615,12.433898,14.487772,-9999.000000
Belloto Centro,7.0,13.750083,12.324754,14.044612,-9999.000000
Bernando Ohiggins,7.0,13.320126,12.116269,13.582038,-9999.000000
Cruz del Sur,7.0,13.577401,12.383384,13.991613,-9999.000000
82,7.0,13.877582,12.736900,14.200066,-9999.000000
Belloto Norte,7.0,12.412439,11.004407,12.666887,-9999.000000
E.E.U.U,7.0,12.151120,11.365197,12.612579,-9999.000000
Lincoyan,7.0,12.914790,11.413967,13.294901,-9999.000000
Los Colonos,7.0,11.974189,11.359899,12.478007,-9999.000000
Patricio Lynch,7.0,12.747186,11.969532,13.354065,-9999.000000
Santa Marta,7.0,12.422490,11.692062,12.965967,-9999.000000
Cantera,7.0,13.032815,12.383235,13.801806,-9999.000000
Decimo Sector,7.0,12.260276,11.784865,13.155386,-9999.000000
Estero Viejo,7.0,12.603870,12.115690,13.771657,-9999.000000
Matilde,7.0,13.092169,12.212604,13.271468,-9999.000000
San Cristobal,7.0,12.857571,12.192685,13.618926,-9999.000000
Tierras Rojas,7.0,12.897383,12.004162,13.448721,-9999.000000
Decimo Sector,7.0,13.010644,12.280436,13.583731,-9999.000000
Matilde,7.0,12.938244,12.033475,13.399141,-9999.000000
Los Pinos,7.0,12.218128,11.581063,12.859131,-9999.000000
Marga Marga,7.0,12.288902,11.429546,12.857266,-9999.000000
60,7.0,12.686864,12.404325,13.337089,-9999.000000
Castillo Blanco,7.0,13.340587,12.311536,13.761436,-9999.000000
El Tranque,7.0,13.260829,12.357870,13.813628,-9999.000000
Jose Miguel Carrera,7.0,13.101032,12.075589,13.653494,-9999.000000
Las Rosas,7.0,12.957723,12.139312,13.584619,-9999.000000
Piloto Pardo,7.0,12.936540,12.129787,13.379766,-9999.000000
Porvenir,7.0,11.614116,10.906028,12.259105,-9999.000000
Textil Viña,7.0,13.053507,12.106132,13.387295,-9999.000000
21 de Mayo,7.0,13.464611,13.016665,13.932468,-9999.000000
Barros Arana,7.0,13.830139,12.937171,14.425307,-9999.000000
La Granja,7.0,13.601580,13.184194,13.861823,-9999.000000
Las Viñas,7.0,13.347840,12.805241,14.092052,-9999.000000
Los Estanques,7.0,12.950195,12.621658,13.325021,-9999.000000
Mena,7.0,13.477388,12.570929,14.143524,-9999.000000
Pedro Montt,7.0,13.489902,12.712844,14.180441,-9999.000000
Victoria Oriente,7.0,13.531879,13.056363,14.451014,-9999.000000
Victoria Poniente,7.0,13.185289,12.483577,13.808859,-9999.000000
Villa Olimpica,7.0,13.092298,12.822363,13.570543,-9999.000000
Araya,7.0,13.236280,12.248434,13.906033,-9999.000000
Arturo Prat,7.0,13.671611,12.509284,13.944153,-9999.000000
Blanco,7.0,13.378259,12.180249,13.954554,-9999.000000
Centro,7.0,13.563539,12.386410,13.991512,-9999.000000
Colina de Oro,7.0,11.415932,10.920891,12.319417,-9999.000000
El Esfuerzo,7.0,12.694757,11.924803,13.222722,-9999.000000
Emparte,7.0,13.091532,12.203913,13.945966,-9999.000000
Esmeralda,7.0,12.942039,11.827700,13.113193,-9999.000000
Liceo,7.0,13.465379,12.205895,14.019797,-9999.000000
Poblacion Esperanza,7.0,12.933089,12.245766,13.483940,-9999.000000
Poblacion Ferroviaria,7.0,13.477637,12.363012,13.856500,-9999.000000
R. Sotomayor,7.0,13.424434,12.640186,13.906957,-9999.000000
San Cristobal2,7.0,13.364350,12.795482,14.075962,-9999.000000
Sol del Pacifico,7.0,12.852381,12.081292,13.464675,-9999.000000
Soublete (Francisco Bilbao),7.0,13.079185,12.232306,13.733035,-9999.000000
Thompson,7.0,13.650659,12.667859,14.168028,-9999.000000
M. Mena,7.0,12.806830,12.171083,13.591017,-9999.000000
Manuel Rodriguez,7.0,13.110507,12.529414,13.618084,-9999.000000
No Organizada,7.0,12.100455,11.754072,12.889635,-9999.000000
Pompeya Norte,7.0,12.110871,11.637812,13.036533,-9999.000000
Pompeya Sur,7.0,12.692112,12.125273,13.234845,-9999.000000
Valencia Alto,7.0,12.941409,12.389917,13.567012,-9999.000000
Costa Sol,7.0,12.653843,11.452532,13.062623,-9999.000000
California,7.0,13.126200,11.782782,13.498437,-9999.000000
Camilo Henriquez,7.0,12.355730,11.231126,12.754192,-9999.000000
El Bosque,7.0,11.698706,11.322708,12.424223,-9999.000000
El Sol,7.0,12.765535,11.755166,13.222967,-9999.000000
General Baquedano,7.0,13.096996,11.869107,13.549784,-9999.000000
Infante,7.0,12.366064,11.703295,13.138877,-9999.000000
Lo Gamboa,7.0,13.682548,12.307949,14.169368,-9999.000000
Los Espinos,7.0,11.764908,10.765365,12.224747,-9999.000000
Retiro,7.0,12.248994,11.350955,12.908077,-9999.000000
Viñas del Sol,7.0,11.349635,10.657716,12.185762,-9999.000000
Buenos Aires,7.0,12.945799,12.342089,13.672972,-9999.000000
Casa de Valencia,7.0,12.429192,11.446294,12.645550,-9999.000000
Hevia,7.0,13.440394,12.658368,14.159791,-9999.000000
Humbolt,7.0,13.246268,12.371395,13.613148,-9999.000000
Phillips,7.0,13.325274,12.426162,13.939315,-9999.000000
Poblacion Argentina,7.0,11.575590,11.137250,12.386664,-9999.000000
Poblacion Canal Chacao,7.0,12.801555,12.473754,13.780423,-9999.000000
San Gregorio,7.0,13.539045,12.722928,14.294042,-9999.000000
Valencia Bajo,7.0,13.397691,12.643251,14.033164,-9999.000000
Villa Paso Hondo,7.0,10.936263,10.423812,11.887222,-9999.000000
Calicheros,8.0,15.490725,14.271745,16.757020,-9999.000000
Belloto 2000,8.0,18.174139,15.498707,19.362069,-9999.000000
Belloto Centro,8.0,17.591266,15.136032,18.737221,-9999.000000
Bernando Ohiggins,8.0,16.848114,15.080325,18.169018,-9999.000000
Cruz del Sur,8.0,17.070793,15.163875,18.180186,-9999.000000
82,8.0,17.819381,16.156957,19.077897,-9999.000000
Belloto Norte,8.0,16.165981,13.971258,17.146064,-9999.000000
E.E.U.U,8.0,15.324356,13.866573,16.613503,-9999.000000
Lincoyan,8.0,16.518128,14.697317,17.707273,-9999.000000
Los Colonos,8.0,15.147068,13.984469,17.164721,-9999.000000
Patricio Lynch,8.0,16.499106,14.644538,17.290885,-9999.000000
Santa Marta,8.0,15.958441,14.440548,16.998945,-9999.000000
Cantera,8.0,16.834519,15.261643,18.633121,-9999.000000
Decimo Sector,8.0,15.732034,14.408804,17.623374,-9999.000000
Estero Viejo,8.0,16.350683,14.905702,17.768015,-9999.000000
Matilde,8.0,16.008606,14.912383,17.913982,-9999.000000
San Cristobal,8.0,16.407742,14.969785,17.980700,-9999.000000
Tierras Rojas,8.0,16.455628,15.076216,18.634214,-9999.000000
Decimo Sector,8.0,16.105251,14.569944,18.259669,-9999.000000
Matilde,8.0,16.324241,15.125620,18.033888,-9999.000000
Los Pinos,8.0,15.840989,14.093159,17.138340,-9999.000000
Marga Marga,8.0,15.754870,14.174109,17.388727,-9999.000000
60,8.0,16.100104,14.345403,18.084319,-9999.000000
Castillo Blanco,8.0,17.100225,15.301497,19.254717,-9999.000000
El Tranque,8.0,16.911227,15.057622,19.010860,-9999.000000
Jose Miguel Carrera,8.0,16.836461,15.321776,19.126745,-9999.000000
Las Rosas,8.0,16.569289,14.930817,19.140302,-9999.000000
Piloto Pardo,8.0,16.248982,14.826830,18.497327,-9999.000000
Porvenir,8.0,14.747792,12.969926,16.130823,-9999.000000
Textil Viña,8.0,16.533519,14.839937,18.719927,-9999.000000
21 de Mayo,8.0,17.374891,15.448541,19.167900,-9999.000000
Barros Arana,8.0,18.133843,15.753636,19.934250,-9999.000000
La Granja,8.0,17.218014,16.150723,19.356598,-9999.000000
Las Viñas,8.0,17.310372,15.789965,18.694317,-9999.000000
Los Estanques,8.0,16.575622,15.650394,18.515411,-9999.000000
Mena,8.0,17.376680,15.574410,19.574756,-9999.000000
Pedro Montt,8.0,17.761821,15.548841,19.623728,-9999.000000
Victoria Oriente,8.0,17.092189,15.947085,19.130676,-9999.000000
Victoria Poniente,8.0,16.898413,15.638161,19.118287,-9999.000000
Villa Olimpica,8.0,17.134041,15.652416,17.969224,-9999.000000
Araya,8.0,16.871449,15.061275,18.310972,-9999.000000
Arturo Prat,8.0,17.526728,15.880070,19.343525,-9999.000000
Blanco,8.0,17.230939,15.465182,18.428686,-9999.000000
Centro,8.0,17.762744,16.046922,19.316288,-9999.000000
Colina de Oro,8.0,14.675162,13.576465,15.956478,-9999.000000
El Esfuerzo,8.0,16.019871,14.586232,18.432459,-9999.000000
Emparte,8.0,16.957932,15.275161,19.008666,-9999.000000
Esmeralda,8.0,16.610892,14.132530,17.558441,-9999.000000
Liceo,8.0,17.270420,14.922468,18.849381,-9999.000000
Poblacion Esperanza,8.0,16.703993,14.598912,18.502870,-9999.000000
Poblacion Ferroviaria,8.0,17.313248,15.381413,18.528511,-9999.000000
R. Sotomayor,8.0,17.316682,15.680851,18.857055,-9999.000000
San Cristobal2,8.0,17.383989,15.679930,19.140870,-9999.000000
Sol del Pacifico,8.0,16.739613,14.914857,18.741185,-9999.000000
Soublete (Francisco Bilbao),8.0,17.012587,15.023432,18.325239,-9999.000000
Thompson,8.0,17.679233,15.565826,18.992517,-9999.000000
M. Mena,8.0,16.214966,15.298613,18.354652,-9999.000000
Manuel Rodriguez,8.0,16.883056,15.609221,18.511400,-9999.000000
No Organizada,8.0,15.508124,14.040871,16.937758,-9999.000000
Pompeya Norte,8.0,15.829680,14.226623,16.748657,-9999.000000
Pompeya Sur,8.0,16.430834,14.793969,17.170350,-9999.000000
Valencia Alto,8.0,17.101381,15.150268,18.617709,-9999.000000
Costa Sol,8.0,16.204033,14.669601,17.080353,-9999.000000
California,8.0,17.076311,15.218631,18.415908,-9999.000000
Camilo Henriquez,8.0,16.289369,14.268503,17.459511,-9999.000000
El Bosque,8.0,14.968134,13.405849,16.286435,-9999.000000
El Sol,8.0,16.501167,15.016474,17.948448,-9999.000000
General Baquedano,8.0,16.950081,14.831810,18.593690,-9999.000000
Infante,8.0,16.677035,14.702930,18.104281,-9999.000000
Lo Gamboa,8.0,17.681701,15.708847,19.665387,-9999.000000
Los Espinos,8.0,15.555048,13.674475,17.077961,-9999.000000
Retiro,8.0,16.159580,14.462866,17.265624,-9999.000000
Viñas del Sol,8.0,15.231474,13.530437,16.797270,-9999.000000
Buenos Aires,8.0,17.518875,15.620224,19.283955,-9999.000000
Casa de Valencia,8.0,15.992187,15.500789,18.046999,-9999.000000
Hevia,8.0,17.835523,16.753832,19.593766,-9999.000000
Humbolt,8.0,17.024566,15.989287,18.914841,-9999.000000
Phillips,8.0,17.391032,15.932005,19.292824,-9999.000000
Poblacion Argentina,8.0,15.784389,14.130210,16.404685,-9999.000000
Poblacion Canal Chacao,8.0,16.566349,15.448927,18.346106,-9999.000000
San Gregorio,8.0,17.923007,16.570062,19.741849,-9999.000000
Valencia Bajo,8.0,17.671583,16.051391,19.375720,-9999.000000
Villa Paso Hondo,8.0,15.123635,13.674902,16.219142,-9999.000000
Calicheros,9.0,21.513118,19.549728,22.100120,-9999.000000
Belloto 2000,9.0,25.611716,22.679967,26.280764,-9999.000000
Belloto Centro,9.0,25.236769,22.959503,25.858295,-9999.000000
Bernando Ohiggins,9.0,23.871260,21.859955,25.122779,-9999.000000
Cruz del Sur,9.0,24.338557,22.601083,25.570672,-9999.000000
82,9.0,24.816027,22.701351,25.995461,-9999.000000
Belloto Norte,9.0,23.111447,21.600703,24.143401,-9999.000000
E.E.U.U,9.0,22.316712,20.364359,23.260008,-9999.000000
Lincoyan,9.0,23.694773,21.533290,24.820859,-9999.000000
Los Colonos,9.0,21.768782,20.229728,22.852482,-9999.000000
Patricio Lynch,9.0,23.003248,21.063104,24.161176,-9999.000000
Santa Marta,9.0,22.784918,20.817574,23.889013,-9999.000000
Cantera,9.0,23.921524,22.302082,24.765868,-9999.000000
Decimo Sector,9.0,22.524142,21.191284,23.280015,-9999.000000
Estero Viejo,9.0,23.689902,21.094842,24.860019,-9999.000000
Matilde,9.0,22.416518,21.031685,23.671972,-9999.000000
San Cristobal,9.0,22.667082,20.765521,23.763684,-9999.000000
Tierras Rojas,9.0,23.561005,22.035519,24.792604,-9999.000000
Decimo Sector,9.0,22.496591,21.069501,23.598757,-9999.000000
Matilde,9.0,22.566525,20.820007,23.684464,-9999.000000
Los Pinos,9.0,21.457870,19.702052,22.213775,-9999.000000
Marga Marga,9.0,21.729741,20.134733,22.712224,-9999.000000
60,9.0,22.067333,19.720874,23.279170,-9999.000000
Castillo Blanco,9.0,24.019296,21.941268,24.725504,-9999.000000
El Tranque,9.0,23.954396,21.765689,24.438610,-9999.000000
Jose Miguel Carrera,9.0,24.148279,21.605613,25.186935,-9999.000000
Las Rosas,9.0,23.962880,21.869272,24.624883,-9999.000000
Piloto Pardo,9.0,23.237527,21.539701,24.029785,-9999.000000
Porvenir,9.0,20.656653,18.225565,21.665949,-9999.000000
Textil Viña,9.0,23.733786,22.086909,24.749764,-9999.000000
21 de Mayo,9.0,23.671465,21.930215,24.573359,-9999.000000
Barros Arana,9.0,25.079611,23.531561,25.633142,-9999.000000
La Granja,9.0,23.764569,21.263858,24.567500,-9999.000000
Las Viñas,9.0,23.444355,21.642058,24.110139,-9999.000000
Los Estanques,9.0,23.159702,21.206204,23.895154,-9999.000000
Mena,9.0,24.311257,22.417885,24.987192,-9999.000000
Pedro Montt,9.0,24.315263,22.584142,25.171268,-9999.000000
Victoria Oriente,9.0,23.356444,21.656180,24.563509,-9999.000000
Victoria Poniente,9.0,23.184206,21.647062,24.259648,-9999.000000
Villa Olimpica,9.0,23.666914,21.238517,24.917145,-9999.000000
Araya,9.0,24.005041,22.284882,24.790877,-9999.000000
Arturo Prat,9.0,24.629621,23.542928,25.675078,-9999.000000
Blanco,9.0,24.690028,23.269274,25.484744,-9999.000000
Centro,9.0,25.049077,23.921049,26.177568,-9999.000000
Colina de Oro,9.0,20.370096,18.962460,21.302931,-9999.000000
El Esfuerzo,9.0,23.384241,21.415397,24.136944,-9999.000000
Emparte,9.0,24.694421,23.469038,25.601425,-9999.000000
Esmeralda,9.0,23.436787,21.631511,24.446064,-9999.000000
Liceo,9.0,24.438904,22.858859,25.132402,-9999.000000
Poblacion Esperanza,9.0,23.379814,21.661362,24.080023,-9999.000000
Poblacion Ferroviaria,9.0,24.141146,22.304220,25.374016,-9999.000000
R. Sotomayor,9.0,24.383032,22.791127,25.168111,-9999.000000
San Cristobal2,9.0,23.411788,21.332699,24.689974,-9999.000000
Sol del Pacifico,9.0,23.712815,21.460596,24.401620,-9999.000000
Soublete (Francisco Bilbao),9.0,23.742861,22.525895,24.899963,-9999.000000
Thompson,9.0,25.046134,23.813978,26.149273,-9999.000000
M. Mena,9.0,23.191461,21.087150,23.966354,-9999.000000
Manuel Rodriguez,9.0,23.098497,21.824759,24.178010,-9999.000000
No Organizada,9.0,20.997597,20.089634,22.238282,-9999.000000
Pompeya Norte,9.0,22.061871,19.884891,22.485741,-9999.000000
Pompeya Sur,9.0,22.228536,20.669939,22.964898,-9999.000000
Valencia Alto,9.0,23.090437,21.262667,23.874185,-9999.000000
Costa Sol,9.0,21.873859,20.119103,22.814526,-9999.000000
California,9.0,24.607495,23.126649,25.081853,-9999.000000
Camilo Henriquez,9.0,23.193405,21.278206,24.354679,-9999.000000
El Bosque,9.0,20.813377,19.302598,21.695882,-9999.000000
El Sol,9.0,23.655665,22.072545,24.483120,-9999.000000
General Baquedano,9.0,24.317742,22.723483,25.040299,-9999.000000
Infante,9.0,23.073354,21.670306,23.894400,-9999.000000
Lo Gamboa,9.0,25.067793,23.625227,26.380442,-9999.000000
Los Espinos,9.0,22.713049,20.967861,23.366294,-9999.000000
Retiro,9.0,22.773977,21.192681,23.558093,-9999.000000
Viñas del Sol,9.0,22.491071,20.503023,23.112450,-9999.000000
Buenos Aires,9.0,23.851858,22.583562,25.438458,-9999.000000
Casa de Valencia,9.0,22.599796,21.437997,24.281152,-9999.000000
Hevia,9.0,23.860178,23.126141,25.762915,-9999.000000
Humbolt,9.0,23.366679,21.656783,24.233762,-9999.000000
Phillips,9.0,23.778461,22.171257,24.652497,-9999.000000
Poblacion Argentina,9.0,21.299129,19.450490,22.388923,-9999.000000
Poblacion Canal Chacao,9.0,22.263186,20.805224,23.496023,-9999.000000
San Gregorio,9.0,24.543484,22.925321,26.355881,-9999.000000
Valencia Bajo,9.0,23.640088,22.372668,24.943720,-9999.000000
Villa Paso Hondo,9.0,20.612877,19.584396,21.693264,-9999.000000
Calicheros,10.0,28.167776,26.607768,30.583901,-9999.000000
Belloto 2000,10.0,33.023759,31.870058,35.755624,-9999.000000
Belloto Centro,10.0,32.533003,31.346412,34.865356,-9999.000000
Bernando Ohiggins,10.0,32.020761,30.494109,33.831339,-9999.000000
Cruz del Sur,10.0,32.426275,31.251381,34.698625,-9999.000000
82,10.0,32.716655,31.374283,35.001831,-9999.000000
Belloto Norte,10.0,31.311910,29.946767,33.303127,-9999.000000
E.E.U.U,10.0,31.412677,29.369781,33.146670,-9999.000000
Lincoyan,10.0,32.001181,30.189906,33.938157,-9999.000000
Los Colonos,10.0,30.215329,28.177819,31.922289,-9999.000000
Patricio Lynch,10.0,31.458375,29.768610,33.031806,-9999.000000
Santa Marta,10.0,31.630484,29.710699,33.251274,-9999.000000
Cantera,10.0,32.291795,31.093684,33.762084,-9999.000000
Decimo Sector,10.0,30.926283,29.884004,32.329853,-9999.000000
Estero Viejo,10.0,32.252273,31.085831,33.828387,-9999.000000
Matilde,10.0,30.819447,29.323996,33.151150,-9999.000000
San Cristobal,10.0,31.093639,29.916521,33.012066,-9999.000000
Tierras Rojas,10.0,31.862680,30.733929,33.478076,-9999.000000
Decimo Sector,10.0,31.357043,29.725845,33.346907,-9999.000000
Matilde,10.0,31.369394,29.915230,33.182582,-9999.000000
Los Pinos,10.0,29.129001,27.050150,30.884329,-9999.000000
Marga Marga,10.0,29.932014,27.850426,31.351643,-9999.000000
60,10.0,30.580232,28.696404,32.799526,-9999.000000
Castillo Blanco,10.0,31.809871,30.630354,33.541351,-9999.000000
El Tranque,10.0,31.190023,29.816964,33.034642,-9999.000000
Jose Miguel Carrera,10.0,31.482020,30.436952,33.400643,-9999.000000
Las Rosas,10.0,31.330021,30.234718,33.189430,-9999.000000
Piloto Pardo,10.0,30.867027,29.652044,32.616749,-9999.000000
Porvenir,10.0,28.550988,26.637944,30.418758,-9999.000000
Textil Viña,10.0,31.236042,30.281180,33.333146,-9999.000000
21 de Mayo,10.0,30.633585,29.242041,32.471673,-9999.000000
Barros Arana,10.0,31.489612,30.392500,33.640298,-9999.000000
La Granja,10.0,30.615719,29.046655,32.521759,-9999.000000
Las Viñas,10.0,30.310789,28.837791,32.351716,-9999.000000
Los Estanques,10.0,29.868040,28.537822,31.860638,-9999.000000
Mena,10.0,31.370660,29.853280,33.103007,-9999.000000
Pedro Montt,10.0,31.328066,29.737836,33.089910,-9999.000000
Victoria Oriente,10.0,31.467567,30.030597,33.354488,-9999.000000
Victoria Poniente,10.0,30.724982,29.008546,32.456956,-9999.000000
Villa Olimpica,10.0,31.598123,29.979714,33.117467,-9999.000000
Araya,10.0,31.180361,30.095553,32.837122,-9999.000000
Arturo Prat,10.0,31.243025,30.546323,33.433805,-9999.000000
Blanco,10.0,31.432116,30.592001,33.683701,-9999.000000
Centro,10.0,32.029468,30.928854,33.845648,-9999.000000
Colina de Oro,10.0,27.179052,25.609006,29.035905,-9999.000000
El Esfuerzo,10.0,30.676506,29.606909,32.872425,-9999.000000
Emparte,10.0,31.008381,30.408341,33.437213,-9999.000000
Esmeralda,10.0,30.634154,29.677095,32.546828,-9999.000000
Liceo,10.0,31.430262,30.445916,33.483296,-9999.000000
Poblacion Esperanza,10.0,30.692021,29.157577,32.641036,-9999.000000
Poblacion Ferroviaria,10.0,31.745430,30.666733,33.783398,-9999.000000
R. Sotomayor,10.0,31.197468,30.299238,33.128803,-9999.000000
San Cristobal2,10.0,32.162977,29.921270,33.634926,-9999.000000
Sol del Pacifico,10.0,30.987446,30.158488,33.306541,-9999.000000
Soublete (Francisco Bilbao),10.0,31.258146,30.343542,32.903877,-9999.000000
Thompson,10.0,31.962971,31.212888,34.160488,-9999.000000
M. Mena,10.0,29.516335,28.331723,31.663893,-9999.000000
Manuel Rodriguez,10.0,30.095458,28.717796,31.969106,-9999.000000
No Organizada,10.0,27.561593,26.133315,29.993675,-9999.000000
Pompeya Norte,10.0,28.528664,26.973712,30.468649,-9999.000000
Pompeya Sur,10.0,28.930044,27.496255,30.536487,-9999.000000
Valencia Alto,10.0,29.992548,28.407085,31.620409,-9999.000000
Costa Sol,10.0,29.163638,27.823624,30.996186,-9999.000000
California,10.0,32.139222,31.156565,33.734253,-9999.000000
Camilo Henriquez,10.0,30.324354,29.291396,32.270004,-9999.000000
El Bosque,10.0,28.145626,26.398205,30.252604,-9999.000000
El Sol,10.0,30.465146,29.172574,32.182683,-9999.000000
General Baquedano,10.0,31.354907,30.325765,33.071985,-9999.000000
Infante,10.0,29.631814,28.349336,31.428351,-9999.000000
Lo Gamboa,10.0,32.930330,31.685587,34.485886,-9999.000000
Los Espinos,10.0,29.987165,28.212457,31.550067,-9999.000000
Retiro,10.0,29.615878,28.463292,31.812535,-9999.000000
Viñas del Sol,10.0,29.722242,28.615062,31.891023,-9999.000000
Buenos Aires,10.0,30.997617,29.726330,32.750743,-9999.000000
Casa de Valencia,10.0,29.183843,27.794653,31.455735,-9999.000000
Hevia,10.0,30.962469,29.784071,32.648822,-9999.000000
Humbolt,10.0,29.781884,28.508818,31.795409,-9999.000000
Phillips,10.0,30.288552,28.988140,32.155350,-9999.000000
Poblacion Argentina,10.0,27.582075,26.359726,29.438814,-9999.000000
Poblacion Canal Chacao,10.0,28.919026,26.849760,30.793724,-9999.000000
San Gregorio,10.0,31.339917,30.219709,32.883239,-9999.000000
Valencia Bajo,10.0,30.659970,29.180243,32.278929,-9999.000000
Villa Paso Hondo,10.0,27.656199,26.082032,29.848470,-9999.000000
Calicheros,11.0,33.599111,30.594667,35.018395,-9999.000000
Belloto 2000,11.0,38.493585,36.227725,40.153714,-9999.000000
Belloto Centro,11.0,37.894339,35.729555,39.614572,-9999.000000
Bernando Ohiggins,11.0,37.193317,35.282994,38.844876,-9999.000000
Cruz del Sur,11.0,37.943744,35.727679,39.442943,-9999.000000
82,11.0,38.293136,35.937967,40.164319,-9999.000000
Belloto Norte,11.0,36.848447,34.133508,37.730292,-9999.000000
E.E.U.U,11.0,37.242390,33.940620,38.507402,-9999.000000
Lincoyan,11.0,37.274530,34.861448,38.656983,-9999.000000
Los Colonos,11.0,36.117542,32.857430,37.022723,-9999.000000
Patricio Lynch,11.0,37.118977,34.196163,38.385796,-9999.000000
Santa Marta,11.0,37.320338,34.347451,38.741878,-9999.000000
Cantera,11.0,37.590096,35.596820,39.042871,-9999.000000
Decimo Sector,11.0,36.401959,34.725175,38.192252,-9999.000000
Estero Viejo,11.0,37.442226,35.809789,38.802978,-9999.000000
Matilde,11.0,36.890935,33.957456,37.989169,-9999.000000
San Cristobal,11.0,36.814934,34.846044,38.106960,-9999.000000
Tierras Rojas,11.0,37.148876,35.115071,38.449427,-9999.000000
Decimo Sector,11.0,36.591261,34.949674,38.553861,-9999.000000
Matilde,11.0,37.098715,34.850544,39.062333,-9999.000000
Los Pinos,11.0,34.117085,31.406232,34.998722,-9999.000000
Marga Marga,11.0,34.861153,32.831087,36.018115,-9999.000000
60,11.0,36.644363,33.795417,38.789565,-9999.000000
Castillo Blanco,11.0,36.822731,35.068128,38.361748,-9999.000000
El Tranque,11.0,36.242932,34.196507,37.627019,-9999.000000
Jose Miguel Carrera,11.0,36.796768,34.940399,38.722054,-9999.000000
Las Rosas,11.0,36.856204,34.768560,38.433278,-9999.000000
Piloto Pardo,11.0,36.656819,34.055552,37.937722,-9999.000000
Porvenir,11.0,33.905110,31.074134,34.876963,-9999.000000
Textil Viña,11.0,37.074830,34.779261,38.335414,-9999.000000
21 de Mayo,11.0,35.013043,33.522653,36.816822,-9999.000000
Barros Arana,11.0,35.606825,34.027657,37.803913,-9999.000000
La Granja,11.0,35.702279,33.335073,37.684411,-9999.000000
Las Viñas,11.0,35.265756,32.861129,36.810107,-9999.000000
Los Estanques,11.0,34.857058,32.620526,36.702531,-9999.000000
Mena,11.0,35.538781,34.166843,37.624446,-9999.000000
Pedro Montt,11.0,35.402794,34.220643,37.310030,-9999.000000
Victoria Oriente,11.0,36.554014,34.592017,38.290089,-9999.000000
Victoria Poniente,11.0,35.496013,33.407812,37.314859,-9999.000000
Villa Olimpica,11.0,36.847255,34.431815,38.390087,-9999.000000
Araya,11.0,35.973848,34.464394,37.739907,-9999.000000
Arturo Prat,11.0,35.820849,34.549302,37.674726,-9999.000000
Blanco,11.0,36.068342,34.129170,37.776839,-9999.000000
Centro,11.0,36.208554,34.973028,38.176907,-9999.000000
Colina de Oro,11.0,31.945022,29.379034,33.334195,-9999.000000
El Esfuerzo,11.0,36.289767,33.895344,37.436340,-9999.000000
Emparte,11.0,36.317741,34.308472,37.593874,-9999.000000
Esmeralda,11.0,35.313468,34.030020,37.457027,-9999.000000
Liceo,11.0,35.957296,34.384065,37.756447,-9999.000000
Poblacion Esperanza,11.0,35.612201,33.452117,37.017449,-9999.000000
Poblacion Ferroviaria,11.0,36.735786,34.932627,38.411370,-9999.000000
R. Sotomayor,11.0,36.434938,34.309009,37.797988,-9999.000000
San Cristobal2,11.0,37.419220,34.342486,38.477150,-9999.000000
Sol del Pacifico,11.0,36.537895,34.589243,37.974219,-9999.000000
Soublete (Francisco Bilbao),11.0,35.407606,34.259967,37.717705,-9999.000000
Thompson,11.0,36.262226,35.378010,38.268540,-9999.000000
M. Mena,11.0,34.933510,32.812344,36.394137,-9999.000000
Manuel Rodriguez,11.0,35.236506,33.392413,36.479666,-9999.000000
No Organizada,11.0,32.467398,30.797440,33.771315,-9999.000000
Pompeya Norte,11.0,33.627405,31.758888,34.811068,-9999.000000
Pompeya Sur,11.0,33.593506,31.970875,34.707384,-9999.000000
Valencia Alto,11.0,34.394367,32.218598,35.884744,-9999.000000
Costa Sol,11.0,34.161878,32.648173,36.290972,-9999.000000
California,11.0,37.393922,35.762035,38.984025,-9999.000000
Camilo Henriquez,11.0,35.841040,33.508862,36.924349,-9999.000000
El Bosque,11.0,33.656934,30.951641,34.690403,-9999.000000
El Sol,11.0,34.998609,33.337978,36.684229,-9999.000000
General Baquedano,11.0,35.891630,34.204737,37.578926,-9999.000000
Infante,11.0,34.403394,32.398048,36.081497,-9999.000000
Lo Gamboa,11.0,37.484074,36.244913,39.943905,-9999.000000
Los Espinos,11.0,34.602620,32.481351,35.883098,-9999.000000
Retiro,11.0,34.445999,32.428859,36.046167,-9999.000000
Viñas del Sol,11.0,35.491395,32.809951,36.563932,-9999.000000
Buenos Aires,11.0,35.283837,33.918678,37.178960,-9999.000000
Casa de Valencia,11.0,34.165433,32.499653,35.386117,-9999.000000
Hevia,11.0,35.210262,33.820580,36.670787,-9999.000000
Humbolt,11.0,34.375168,32.742364,36.144311,-9999.000000
Phillips,11.0,34.788827,33.167855,36.504547,-9999.000000
Poblacion Argentina,11.0,32.427956,30.696952,33.353684,-9999.000000
Poblacion Canal Chacao,11.0,33.563226,31.961451,34.582731,-9999.000000
San Gregorio,11.0,35.801297,34.288455,37.199088,-9999.000000
Valencia Bajo,11.0,35.024742,33.548041,36.657061,-9999.000000
Villa Paso Hondo,11.0,33.360899,30.840563,34.394830,-9999.000000
Calicheros,12.0,35.326389,33.862656,37.329047,-9999.000000
Belloto 2000,12.0,39.909083,38.697507,41.497123,-9999.000000
Belloto Centro,12.0,39.446434,38.134290,41.118523,-9999.000000
Bernando Ohiggins,12.0,38.627254,37.221746,40.200041,-9999.000000
Cruz del Sur,12.0,39.274679,37.998090,41.031685,-9999.000000
82,12.0,39.988299,38.084719,41.335400,-9999.000000
Belloto Norte,12.0,38.502522,36.833634,39.893189,-9999.000000
E.E.U.U,12.0,38.907439,36.914735,40.298190,-9999.000000
Lincoyan,12.0,38.074790,37.240369,40.445176,-9999.000000
Los Colonos,12.0,37.784242,35.400894,39.176781,-9999.000000
Patricio Lynch,12.0,38.601542,36.872532,40.351020,-9999.000000
Santa Marta,12.0,39.070689,37.791930,40.617869,-9999.000000
Cantera,12.0,39.257929,38.011439,40.286573,-9999.000000
Decimo Sector,12.0,38.100155,36.408311,38.963378,-9999.000000
Estero Viejo,12.0,39.136459,37.854171,40.358681,-9999.000000
Matilde,12.0,38.217426,36.502187,39.318272,-9999.000000
San Cristobal,12.0,38.709744,36.648525,39.548899,-9999.000000
Tierras Rojas,12.0,38.929862,37.550356,39.975380,-9999.000000
Decimo Sector,12.0,38.517903,36.761698,39.877726,-9999.000000
Matilde,12.0,38.810472,37.516845,40.268636,-9999.000000
Los Pinos,12.0,35.281802,33.228687,36.637422,-9999.000000
Marga Marga,12.0,36.598618,34.276930,37.910729,-9999.000000
60,12.0,38.127176,36.794764,39.577026,-9999.000000
Castillo Blanco,12.0,38.370157,36.419398,39.794084,-9999.000000
El Tranque,12.0,37.278609,35.802946,39.121544,-9999.000000
Jose Miguel Carrera,12.0,38.540875,37.196074,39.769422,-9999.000000
Las Rosas,12.0,38.122756,36.714500,39.419592,-9999.000000
Piloto Pardo,12.0,37.987982,36.587843,39.184466,-9999.000000
Porvenir,12.0,35.806704,33.236026,37.253543,-9999.000000
Textil Viña,12.0,38.179175,36.338332,39.647196,-9999.000000
21 de Mayo,12.0,36.862908,35.533753,38.163303,-9999.000000
Barros Arana,12.0,37.722955,35.467535,38.593926,-9999.000000
La Granja,12.0,37.706038,36.340849,38.876742,-9999.000000
Las Viñas,12.0,36.629476,34.853917,38.463955,-9999.000000
Los Estanques,12.0,36.547510,35.146539,37.929240,-9999.000000
Mena,12.0,37.498681,35.529089,38.545339,-9999.000000
Pedro Montt,12.0,37.415470,35.562634,38.214773,-9999.000000
Victoria Oriente,12.0,38.448051,36.867032,39.789687,-9999.000000
Victoria Poniente,12.0,37.127357,35.427478,38.601189,-9999.000000
Villa Olimpica,12.0,38.681386,36.844461,39.899233,-9999.000000
Araya,12.0,37.578211,36.594240,38.875008,-9999.000000
Arturo Prat,12.0,37.714468,35.771552,38.705111,-9999.000000
Blanco,12.0,37.690555,35.579641,38.690467,-9999.000000
Centro,12.0,38.153105,36.210911,38.911071,-9999.000000
Colina de Oro,12.0,33.134239,32.372899,34.894002,-9999.000000
El Esfuerzo,12.0,37.884427,36.085548,39.068654,-9999.000000
Emparte,12.0,37.204562,35.212691,38.575208,-9999.000000
Esmeralda,12.0,36.909324,35.497580,37.940442,-9999.000000
Liceo,12.0,37.765739,35.942201,38.831501,-9999.000000
Poblacion Esperanza,12.0,37.248718,35.668740,38.351394,-9999.000000
Poblacion Ferroviaria,12.0,38.516026,36.265586,39.673277,-9999.000000
R. Sotomayor,12.0,37.739401,36.311425,39.055090,-9999.000000
San Cristobal2,12.0,38.551790,37.097765,39.789171,-9999.000000
Sol del Pacifico,12.0,38.352189,36.248625,39.365555,-9999.000000
Soublete (Francisco Bilbao),12.0,37.278027,35.853761,38.366492,-9999.000000
Thompson,12.0,38.447868,36.472761,38.917963,-9999.000000
M. Mena,12.0,36.344109,34.792956,37.517403,-9999.000000
Manuel Rodriguez,12.0,36.606491,35.161277,37.760423,-9999.000000
No Organizada,12.0,34.101739,33.239669,35.398440,-9999.000000
Pompeya Norte,12.0,35.413127,33.571181,36.535333,-9999.000000
Pompeya Sur,12.0,35.354464,34.239945,36.988719,-9999.000000
Valencia Alto,12.0,36.285035,34.476479,37.148962,-9999.000000
Costa Sol,12.0,36.113283,35.390909,37.434946,-9999.000000
California,12.0,38.409502,37.695399,40.052361,-9999.000000
Camilo Henriquez,12.0,37.031142,35.974937,38.934298,-9999.000000
El Bosque,12.0,34.973915,32.917081,36.923245,-9999.000000
El Sol,12.0,36.469742,35.334955,37.937426,-9999.000000
General Baquedano,12.0,37.658504,35.819610,38.769319,-9999.000000
Infante,12.0,35.653361,34.395678,37.291540,-9999.000000
Lo Gamboa,12.0,39.413434,38.026724,40.580594,-9999.000000
Los Espinos,12.0,36.363675,34.760539,37.466083,-9999.000000
Retiro,12.0,36.422144,34.076930,37.679393,-9999.000000
Viñas del Sol,12.0,36.203195,34.952006,38.510443,-9999.000000
Buenos Aires,12.0,37.096971,35.276396,37.795296,-9999.000000
Casa de Valencia,12.0,35.955323,34.446816,37.041941,-9999.000000
Hevia,12.0,36.639638,35.518194,37.594263,-9999.000000
Humbolt,12.0,35.659536,34.833903,37.159904,-9999.000000
Phillips,12.0,35.991866,34.574587,37.432032,-9999.000000
Poblacion Argentina,12.0,34.084385,32.413463,35.139901,-9999.000000
Poblacion Canal Chacao,12.0,35.165379,34.224276,37.237278,-9999.000000
San Gregorio,12.0,37.105422,36.167816,38.124833,-9999.000000
Valencia Bajo,12.0,36.588271,34.959903,37.545138,-9999.000000
Villa Paso Hondo,12.0,34.901767,33.384593,36.162331,-9999.000000
