NOMBRE,Month,NDVI,NDVI_p25,NDVI_p75,anio_actual
Calicheros,1.0,0.2212,0.1795,0.2304,0.2278
Belloto 2000,1.0,0.1107,0.0987,0.1136,0.1125
Belloto Centro,1.0,0.1237,0.1079,0.1289,0.1289
Bernando Ohiggins,1.0,0.1373,0.1211,0.1439,0.1439
Cruz del Sur,1.0,0.1184,0.1054,0.1249,0.1237
82,1.0,0.1474,0.1270,0.1626,0.1633
Belloto Norte,1.0,0.1600,0.1450,0.1694,0.1694
E.E.U.U,1.0,0.1599,0.1300,0.1700,0.1700
Lincoyan,1.0,0.1547,0.1370,0.1629,0.1619
Los Colonos,1.0,0.2266,0.1872,0.2466,0.2466
Patricio Lynch,1.0,0.2089,0.1759,0.2180,0.2180
Santa Marta,1.0,0.2025,0.1710,0.2115,0.2106
Cantera,1.0,0.1099,0.1015,0.1159,0.1131
Decimo Sector,1.0,0.1274,0.1118,0.1388,0.1388
Estero Viejo,1.0,0.1191,0.1048,0.1256,0.1256
Matilde,1.0,0.1348,0.1193,0.1483,0.1483
San Cristobal,1.0,0.1566,0.1411,0.1643,0.1643
Tierras Rojas,1.0,0.1322,0.1208,0.1389,0.1409
Decimo Sector,1.0,0.1345,0.1174,0.1493,0.1488
Matilde,1.0,0.1389,0.1053,0.1719,0.1719
Los Pinos,1.0,0.2163,0.1707,0.2418,0.2418
Marga Marga,1.0,0.1966,0.1655,0.2144,0.2144
60,1.0,0.1371,0.1161,0.1569,0.1620
Castillo Blanco,1.0,0.1333,0.1197,0.1380,0.1380
El Tranque,1.0,0.1689,0.1553,0.1820,0.1751
Jose Miguel Carrera,1.0,0.1314,0.1191,0.1438,0.1438
Las Rosas,1.0,0.1366,0.1242,0.1446,0.1396
Piloto Pardo,1.0,0.1539,0.1436,0.1608,0.1608
Porvenir,1.0,0.2415,0.1978,0.2722,0.2722
Textil Viña,1.0,0.1131,0.1051,0.1179,0.1179
21 de Mayo,1.0,0.1579,0.1402,0.1822,0.1822
Barros Arana,1.0,0.1753,0.1596,0.1855,0.1841
La Granja,1.0,0.1692,0.1534,0.1837,0.1837
Las Viñas,1.0,0.1818,0.1669,0.1975,0.1996
Los Estanques,1.0,0.1546,0.1459,0.1739,0.1739
Mena,1.0,0.1671,0.1431,0.1793,0.1793
Pedro Montt,1.0,0.1514,0.1335,0.1607,0.1591
Victoria Oriente,1.0,0.1333,0.1192,0.1464,0.1464
Victoria Poniente,1.0,0.1591,0.1431,0.1680,0.1680
Villa Olimpica,1.0,0.1338,0.1120,0.1365,0.1361
Araya,1.0,0.1532,0.1351,0.1616,0.1587
Arturo Prat,1.0,0.1416,0.1281,0.1455,0.1411
Blanco,1.0,0.1592,0.1421,0.1720,0.1720
Centro,1.0,0.1408,0.1209,0.1468,0.1423
Colina de Oro,1.0,0.2661,0.2347,0.2763,0.2763
El Esfuerzo,1.0,0.1476,0.1351,0.1627,0.1609
Emparte,1.0,0.0984,0.0939,0.1037,0.1165
Esmeralda,1.0,0.1632,0.1477,0.1682,0.1668
Liceo,1.0,0.1468,0.1299,0.1556,0.1556
Poblacion Esperanza,1.0,0.1733,0.1557,0.1857,0.1811
Poblacion Ferroviaria,1.0,0.1703,0.1491,0.1748,0.1725
R. Sotomayor,1.0,0.1557,0.1342,0.1635,0.1599
San Cristobal2,1.0,0.1670,0.1395,0.1755,0.1742
Sol del Pacifico,1.0,0.1451,0.1325,0.1561,0.1561
Soublete (Francisco Bilbao),1.0,0.1538,0.1383,0.1618,0.1618
Thompson,1.0,0.1310,0.1121,0.1347,0.1347
M. Mena,1.0,0.1337,0.1190,0.1417,0.1417
Manuel Rodriguez,1.0,0.1344,0.1151,0.1373,0.1373
No Organizada,1.0,0.2241,0.1823,0.2557,0.2494
Pompeya Norte,1.0,0.1591,0.1506,0.1747,0.1607
Pompeya Sur,1.0,0.1676,0.1565,0.1812,0.1695
Valencia Alto,1.0,0.1329,0.1210,0.1428,0.1401
Costa Sol,1.0,0.0939,0.0900,0.1085,0.0944
California,1.0,0.1308,0.1223,0.1343,0.1314
Camilo Henriquez,1.0,0.1586,0.1419,0.1692,0.1692
El Bosque,1.0,0.3112,0.2415,0.3394,0.3394
El Sol,1.0,0.2634,0.2420,0.2773,0.2773
General Baquedano,1.0,0.1711,0.1517,0.1799,0.1799
Infante,1.0,0.2295,0.2035,0.2613,0.2613
Lo Gamboa,1.0,0.1349,0.1191,0.1398,0.1369
Los Espinos,1.0,0.2263,0.2025,0.2450,0.2450
Retiro,1.0,0.2276,0.1962,0.2434,0.2434
Viñas del Sol,1.0,0.2162,0.1848,0.2318,0.2318
Buenos Aires,1.0,0.1678,0.1435,0.1815,0.1781
Casa de Valencia,1.0,0.2133,0.1665,0.2230,0.2226
Hevia,1.0,0.1497,0.1253,0.1590,0.1581
Humbolt,1.0,0.1784,0.1684,0.2022,0.2022
Phillips,1.0,0.1516,0.1376,0.1644,0.1644
Poblacion Argentina,1.0,0.2179,0.1900,0.2489,0.2095
Poblacion Canal Chacao,1.0,0.2340,0.2113,0.2716,0.2458
San Gregorio,1.0,0.1291,0.1180,0.1389,0.1347
Valencia Bajo,1.0,0.1554,0.1311,0.1650,0.1641
Villa Paso Hondo,1.0,0.2698,0.2165,0.2880,0.2880
Calicheros,2.0,0.2005,0.1708,0.2329,0.2323
Belloto 2000,2.0,0.1113,0.1036,0.1147,0.1190
Belloto Centro,2.0,0.1258,0.1104,0.1282,0.1345
Bernando Ohiggins,2.0,0.1390,0.1235,0.1417,0.1503
Cruz del Sur,2.0,0.1197,0.1072,0.1230,0.1270
82,2.0,0.1464,0.1316,0.1537,0.1663
Belloto Norte,2.0,0.1649,0.1446,0.1660,0.1766
E.E.U.U,2.0,0.1583,0.1427,0.1649,0.1743
Lincoyan,2.0,0.1545,0.1370,0.1591,0.1667
Los Colonos,2.0,0.2200,0.2043,0.2341,0.2556
Patricio Lynch,2.0,0.2082,0.1885,0.2116,0.2259
Santa Marta,2.0,0.1962,0.1809,0.2043,0.2138
Cantera,2.0,0.1149,0.1042,0.1167,0.1212
Decimo Sector,2.0,0.1286,0.1153,0.1377,0.1465
Estero Viejo,2.0,0.1207,0.1058,0.1261,0.1320
Matilde,2.0,0.1455,0.1367,0.1575,0.1595
San Cristobal,2.0,0.1597,0.1455,0.1621,0.1730
Tierras Rojas,2.0,0.1342,0.1257,0.1367,0.1483
Decimo Sector,2.0,0.1396,0.1306,0.1520,0.1591
Matilde,2.0,0.1402,0.1288,0.1575,0.1851
Los Pinos,2.0,0.2146,0.1910,0.2293,0.2506
Marga Marga,2.0,0.2004,0.1755,0.2106,0.2223
60,2.0,0.1399,0.1311,0.1543,0.1712
Castillo Blanco,2.0,0.1374,0.1225,0.1420,0.1442
El Tranque,2.0,0.1768,0.1537,0.1857,0.1857
Jose Miguel Carrera,2.0,0.1369,0.1195,0.1405,0.1523
Las Rosas,2.0,0.1400,0.1246,0.1429,0.1429
Piloto Pardo,2.0,0.1614,0.1439,0.1652,0.1652
Porvenir,2.0,0.2548,0.2131,0.2670,0.2790
Textil Viña,2.0,0.1179,0.1068,0.1210,0.1213
21 de Mayo,2.0,0.1596,0.1484,0.1759,0.1889
Barros Arana,2.0,0.1864,0.1644,0.1924,0.1979
La Granja,2.0,0.1740,0.1572,0.1807,0.1877
Las Viñas,2.0,0.1875,0.1666,0.1934,0.2019
Los Estanques,2.0,0.1619,0.1429,0.1657,0.1775
Mena,2.0,0.1727,0.1494,0.1766,0.1867
Pedro Montt,2.0,0.1528,0.1400,0.1624,0.1675
Victoria Oriente,2.0,0.1361,0.1174,0.1438,0.1521
Victoria Poniente,2.0,0.1593,0.1440,0.1693,0.1693
Villa Olimpica,2.0,0.1303,0.1184,0.1358,0.1379
Araya,2.0,0.1557,0.1363,0.1613,0.1671
Arturo Prat,2.0,0.1482,0.1341,0.1522,0.1522
Blanco,2.0,0.1679,0.1467,0.1733,0.1786
Centro,2.0,0.1430,0.1285,0.1510,0.1521
Colina de Oro,2.0,0.2492,0.2171,0.2769,0.2838
El Esfuerzo,2.0,0.1567,0.1360,0.1610,0.1655
Emparte,2.0,0.1053,0.0960,0.1174,0.1201
Esmeralda,2.0,0.1641,0.1517,0.1704,0.1794
Liceo,2.0,0.1529,0.1380,0.1615,0.1653
Poblacion Esperanza,2.0,0.1775,0.1576,0.1836,0.1902
Poblacion Ferroviaria,2.0,0.1733,0.1528,0.1790,0.1803
R. Sotomayor,2.0,0.1566,0.1424,0.1644,0.1679
San Cristobal2,2.0,0.1635,0.1507,0.1761,0.1808
Sol del Pacifico,2.0,0.1518,0.1328,0.1549,0.1608
Soublete (Francisco Bilbao),2.0,0.1638,0.1401,0.1702,0.1702
Thompson,2.0,0.1295,0.1188,0.1369,0.1406
M. Mena,2.0,0.1299,0.1185,0.1385,0.1432
Manuel Rodriguez,2.0,0.1282,0.1188,0.1356,0.1389
No Organizada,2.0,0.2241,0.1903,0.2347,0.2548
Pompeya Norte,2.0,0.1485,0.1399,0.1719,0.1628
Pompeya Sur,2.0,0.1651,0.1564,0.1777,0.1735
Valencia Alto,2.0,0.1244,0.1189,0.1384,0.1411
Costa Sol,2.0,0.0920,0.0850,0.0992,0.0970
California,2.0,0.1309,0.1254,0.1378,0.1378
Camilo Henriquez,2.0,0.1613,0.1428,0.1675,0.1695
El Bosque,2.0,0.2973,0.2488,0.3306,0.3471
El Sol,2.0,0.2556,0.2400,0.2704,0.2861
General Baquedano,2.0,0.1732,0.1562,0.1791,0.1836
Infante,2.0,0.2277,0.2100,0.2446,0.2655
Lo Gamboa,2.0,0.1348,0.1231,0.1401,0.1413
Los Espinos,2.0,0.2337,0.2104,0.2383,0.2518
Retiro,2.0,0.2187,0.1966,0.2380,0.2467
Viñas del Sol,2.0,0.2144,0.1927,0.2278,0.2387
Buenos Aires,2.0,0.1653,0.1524,0.1750,0.1862
Casa de Valencia,2.0,0.2092,0.1769,0.2118,0.2245
Hevia,2.0,0.1471,0.1314,0.1587,0.1595
Humbolt,2.0,0.1894,0.1672,0.1970,0.2077
Phillips,2.0,0.1504,0.1394,0.1611,0.1668
Poblacion Argentina,2.0,0.2137,0.2034,0.2365,0.2136
Poblacion Canal Chacao,2.0,0.2462,0.2000,0.2624,0.2494
San Gregorio,2.0,0.1281,0.1214,0.1376,0.1376
Valencia Bajo,2.0,0.1496,0.1403,0.1622,0.1671
Villa Paso Hondo,2.0,0.2624,0.2231,0.2732,0.2939
Calicheros,3.0,0.1973,0.1415,0.2180,0.2163
Belloto 2000,3.0,0.1066,0.0969,0.1100,0.1073
Belloto Centro,3.0,0.1184,0.1018,0.1213,0.1213
Bernando Ohiggins,3.0,0.1314,0.1163,0.1362,0.1388
Cruz del Sur,3.0,0.1137,0.0995,0.1158,0.1141
82,3.0,0.1404,0.1286,0.1531,0.1556
Belloto Norte,3.0,0.1536,0.1363,0.1610,0.1613
E.E.U.U,3.0,0.1429,0.1241,0.1593,0.1593
Lincoyan,3.0,0.1463,0.1243,0.1502,0.1525
Los Colonos,3.0,0.2111,0.1839,0.2366,0.2414
Patricio Lynch,3.0,0.1949,0.1707,0.2111,0.2111
Santa Marta,3.0,0.1830,0.1651,0.1974,0.1974
Cantera,3.0,0.1116,0.0964,0.1135,0.1113
Decimo Sector,3.0,0.1280,0.1152,0.1370,0.1382
Estero Viejo,3.0,0.1150,0.0991,0.1191,0.1212
Matilde,3.0,0.1422,0.1248,0.1531,0.1511
San Cristobal,3.0,0.1537,0.1394,0.1590,0.1630
Tierras Rojas,3.0,0.1286,0.1199,0.1356,0.1373
Decimo Sector,3.0,0.1435,0.1294,0.1552,0.1552
Matilde,3.0,0.1460,0.1325,0.1714,0.1790
Los Pinos,3.0,0.2084,0.1647,0.2339,0.2342
Marga Marga,3.0,0.1959,0.1582,0.2088,0.2101
60,3.0,0.1423,0.1197,0.1641,0.1644
Castillo Blanco,3.0,0.1310,0.1153,0.1342,0.1328
El Tranque,3.0,0.1662,0.1430,0.1743,0.1723
Jose Miguel Carrera,3.0,0.1286,0.1040,0.1363,0.1411
Las Rosas,3.0,0.1298,0.1129,0.1335,0.1293
Piloto Pardo,3.0,0.1521,0.1322,0.1545,0.1503
Porvenir,3.0,0.2457,0.2038,0.2636,0.2646
Textil Viña,3.0,0.1104,0.0991,0.1149,0.1110
21 de Mayo,3.0,0.1651,0.1452,0.1717,0.1748
Barros Arana,3.0,0.1762,0.1541,0.1834,0.1834
La Granja,3.0,0.1639,0.1459,0.1720,0.1720
Las Viñas,3.0,0.1800,0.1614,0.1851,0.1876
Los Estanques,3.0,0.1556,0.1355,0.1626,0.1626
Mena,3.0,0.1655,0.1408,0.1671,0.1722
Pedro Montt,3.0,0.1530,0.1377,0.1555,0.1538
Victoria Oriente,3.0,0.1341,0.1193,0.1405,0.1405
Victoria Poniente,3.0,0.1515,0.1346,0.1621,0.1561
Villa Olimpica,3.0,0.1232,0.1106,0.1308,0.1284
Araya,3.0,0.1475,0.1218,0.1517,0.1527
Arturo Prat,3.0,0.1418,0.1250,0.1457,0.1418
Blanco,3.0,0.1537,0.1291,0.1627,0.1643
Centro,3.0,0.1372,0.1181,0.1407,0.1407
Colina de Oro,3.0,0.2463,0.2010,0.2656,0.2656
El Esfuerzo,3.0,0.1489,0.1258,0.1509,0.1509
Emparte,3.0,0.1000,0.0833,0.1037,0.1095
Esmeralda,3.0,0.1572,0.1435,0.1646,0.1662
Liceo,3.0,0.1457,0.1268,0.1531,0.1532
Poblacion Esperanza,3.0,0.1700,0.1466,0.1735,0.1755
Poblacion Ferroviaria,3.0,0.1658,0.1486,0.1680,0.1667
R. Sotomayor,3.0,0.1513,0.1335,0.1537,0.1537
San Cristobal2,3.0,0.1579,0.1472,0.1710,0.1710
Sol del Pacifico,3.0,0.1446,0.1251,0.1478,0.1493
Soublete (Francisco Bilbao),3.0,0.1514,0.1262,0.1562,0.1554
Thompson,3.0,0.1219,0.1038,0.1284,0.1284
M. Mena,3.0,0.1269,0.1073,0.1308,0.1291
Manuel Rodriguez,3.0,0.1234,0.1102,0.1312,0.1265
No Organizada,3.0,0.2097,0.1778,0.2311,0.2360
Pompeya Norte,3.0,0.1413,0.1301,0.1617,0.1457
Pompeya Sur,3.0,0.1573,0.1377,0.1713,0.1603
Valencia Alto,3.0,0.1199,0.1127,0.1329,0.1258
Costa Sol,3.0,0.0850,0.0812,0.0929,0.0862
California,3.0,0.1269,0.1213,0.1315,0.1315
Camilo Henriquez,3.0,0.1513,0.1402,0.1578,0.1545
El Bosque,3.0,0.3095,0.2592,0.3254,0.3267
El Sol,3.0,0.2571,0.2314,0.2683,0.2683
General Baquedano,3.0,0.1620,0.1408,0.1701,0.1701
Infante,3.0,0.2270,0.2017,0.2421,0.2502
Lo Gamboa,3.0,0.1279,0.1176,0.1311,0.1294
Los Espinos,3.0,0.2193,0.2064,0.2313,0.2337
Retiro,3.0,0.2217,0.2009,0.2271,0.2292
Viñas del Sol,3.0,0.2067,0.1950,0.2216,0.2223
Buenos Aires,3.0,0.1660,0.1536,0.1696,0.1730
Casa de Valencia,3.0,0.2013,0.1723,0.2116,0.2116
Hevia,3.0,0.1407,0.1322,0.1453,0.1448
Humbolt,3.0,0.1874,0.1633,0.1903,0.1903
Phillips,3.0,0.1484,0.1292,0.1547,0.1517
Poblacion Argentina,3.0,0.2015,0.1770,0.2318,0.1960
Poblacion Canal Chacao,3.0,0.2332,0.1884,0.2479,0.2328
San Gregorio,3.0,0.1225,0.1151,0.1342,0.1243
Valencia Bajo,3.0,0.1486,0.1293,0.1552,0.1524
Villa Paso Hondo,3.0,0.2522,0.2304,0.2643,0.2749
Calicheros,4.0,0.1974,0.1460,0.2315,0.2029
Belloto 2000,4.0,0.1075,0.0928,0.1134,0.1075
Belloto Centro,4.0,0.1185,0.0933,0.1221,0.1185
Bernando Ohiggins,4.0,0.1335,0.1095,0.1376,0.1376
Cruz del Sur,4.0,0.1132,0.0938,0.1198,0.1132
82,4.0,0.1457,0.1211,0.1554,0.1554
Belloto Norte,4.0,0.1531,0.1285,0.1603,0.1570
E.E.U.U,4.0,0.1518,0.1225,0.1552,0.1552
Lincoyan,4.0,0.1456,0.1184,0.1487,0.1485
Los Colonos,4.0,0.2154,0.1778,0.2407,0.2407
Patricio Lynch,4.0,0.2032,0.1669,0.2095,0.2070
Santa Marta,4.0,0.1914,0.1603,0.1961,0.1936
Cantera,4.0,0.1118,0.0927,0.1205,0.1118
Decimo Sector,4.0,0.1314,0.1083,0.1392,0.1391
Estero Viejo,4.0,0.1166,0.0949,0.1230,0.1230
Matilde,4.0,0.1427,0.1306,0.1680,0.1518
San Cristobal,4.0,0.1591,0.1306,0.1643,0.1623
Tierras Rojas,4.0,0.1333,0.1136,0.1381,0.1381
Decimo Sector,4.0,0.1453,0.1242,0.1598,0.1570
Matilde,4.0,0.1403,0.1205,0.1720,0.1767
Los Pinos,4.0,0.2128,0.1623,0.2377,0.2271
Marga Marga,4.0,0.1982,0.1571,0.2180,0.2045
60,4.0,0.1585,0.1198,0.1673,0.1673
Castillo Blanco,4.0,0.1290,0.1110,0.1408,0.1310
El Tranque,4.0,0.1657,0.1362,0.1777,0.1687
Jose Miguel Carrera,4.0,0.1321,0.0950,0.1390,0.1390
Las Rosas,4.0,0.1264,0.1064,0.1386,0.1264
Piloto Pardo,4.0,0.1468,0.1250,0.1614,0.1468
Porvenir,4.0,0.2371,0.1987,0.2706,0.2563
Textil Viña,4.0,0.1080,0.0941,0.1153,0.1080
21 de Mayo,4.0,0.1626,0.1367,0.1810,0.1739
Barros Arana,4.0,0.1795,0.1441,0.1906,0.1804
La Granja,4.0,0.1621,0.1383,0.1776,0.1659
Las Viñas,4.0,0.1773,0.1526,0.1921,0.1855
Los Estanques,4.0,0.1574,0.1312,0.1604,0.1587
Mena,4.0,0.1624,0.1356,0.1767,0.1694
Pedro Montt,4.0,0.1516,0.1313,0.1649,0.1534
Victoria Oriente,4.0,0.1321,0.1241,0.1466,0.1383
Victoria Poniente,4.0,0.1472,0.1245,0.1712,0.1534
Villa Olimpica,4.0,0.1261,0.1081,0.1378,0.1275
Araya,4.0,0.1434,0.1164,0.1588,0.1490
Arturo Prat,4.0,0.1437,0.1166,0.1575,0.1388
Blanco,4.0,0.1572,0.1299,0.1650,0.1620
Centro,4.0,0.1370,0.1134,0.1473,0.1383
Colina de Oro,4.0,0.2501,0.1891,0.2611,0.2527
El Esfuerzo,4.0,0.1455,0.1196,0.1542,0.1470
Emparte,4.0,0.0933,0.0763,0.1078,0.1078
Esmeralda,4.0,0.1588,0.1329,0.1705,0.1588
Liceo,4.0,0.1484,0.1213,0.1603,0.1517
Poblacion Esperanza,4.0,0.1656,0.1387,0.1797,0.1718
Poblacion Ferroviaria,4.0,0.1671,0.1403,0.1774,0.1666
R. Sotomayor,4.0,0.1488,0.1268,0.1596,0.1507
San Cristobal2,4.0,0.1657,0.1465,0.1797,0.1718
Sol del Pacifico,4.0,0.1451,0.1198,0.1512,0.1481
Soublete (Francisco Bilbao),4.0,0.1533,0.1213,0.1669,0.1544
Thompson,4.0,0.1245,0.0976,0.1304,0.1250
M. Mena,4.0,0.1243,0.1042,0.1363,0.1269
Manuel Rodriguez,4.0,0.1205,0.1049,0.1356,0.1251
No Organizada,4.0,0.2059,0.1624,0.2236,0.2230
Pompeya Norte,4.0,0.1396,0.1265,0.1629,0.1396
Pompeya Sur,4.0,0.1594,0.1400,0.1769,0.1573
Valencia Alto,4.0,0.1219,0.1080,0.1341,0.1219
Costa Sol,4.0,0.0879,0.0741,0.0959,0.0815
California,4.0,0.1319,0.1157,0.1398,0.1319
Camilo Henriquez,4.0,0.1480,0.1222,0.1566,0.1531
El Bosque,4.0,0.3010,0.2267,0.3393,0.3246
El Sol,4.0,0.2621,0.2217,0.2642,0.2641
General Baquedano,4.0,0.1670,0.1413,0.1760,0.1670
Infante,4.0,0.2296,0.1910,0.2430,0.2451
Lo Gamboa,4.0,0.1271,0.1088,0.1351,0.1277
Los Espinos,4.0,0.2250,0.1818,0.2287,0.2287
Retiro,4.0,0.2203,0.1885,0.2313,0.2266
Viñas del Sol,4.0,0.2125,0.1657,0.2162,0.2162
Buenos Aires,4.0,0.1699,0.1381,0.1741,0.1715
Casa de Valencia,4.0,0.2006,0.1675,0.2196,0.2128
Hevia,4.0,0.1400,0.1221,0.1536,0.1476
Humbolt,4.0,0.1827,0.1566,0.2005,0.1879
Phillips,4.0,0.1471,0.1240,0.1617,0.1507
Poblacion Argentina,4.0,0.1943,0.1813,0.2299,0.1912
Poblacion Canal Chacao,4.0,0.2228,0.1807,0.2551,0.2265
San Gregorio,4.0,0.1260,0.1113,0.1354,0.1286
Valencia Bajo,4.0,0.1457,0.1258,0.1600,0.1504
Villa Paso Hondo,4.0,0.2430,0.2062,0.2736,0.2694
Calicheros,5.0,0.1643,0.1236,0.2023,-9999.0000
Belloto 2000,5.0,0.0968,0.0900,0.1023,-9999.0000
Belloto Centro,5.0,0.0986,0.0903,0.1144,-9999.0000
Bernando Ohiggins,5.0,0.1156,0.1047,0.1251,-9999.0000
Cruz del Sur,5.0,0.1000,0.0902,0.1099,-9999.0000
82,5.0,0.1275,0.1173,0.1466,-9999.0000
Belloto Norte,5.0,0.1259,0.0902,0.1487,-9999.0000
E.E.U.U,5.0,0.1356,0.1185,0.1554,-9999.0000
Lincoyan,5.0,0.1254,0.1099,0.1349,-9999.0000
Los Colonos,5.0,0.1965,0.1744,0.2240,-9999.0000
Patricio Lynch,5.0,0.1757,0.1529,0.2013,-9999.0000
Santa Marta,5.0,0.1763,0.1580,0.1996,-9999.0000
Cantera,5.0,0.1013,0.0928,0.1178,-9999.0000
Decimo Sector,5.0,0.1125,0.1077,0.1323,-9999.0000
Estero Viejo,5.0,0.1073,0.0926,0.1183,-9999.0000
Matilde,5.0,0.1404,0.1188,0.1772,-9999.0000
San Cristobal,5.0,0.1429,0.1341,0.1611,-9999.0000
Tierras Rojas,5.0,0.1200,0.1124,0.1319,-9999.0000
Decimo Sector,5.0,0.1310,0.1124,0.1518,-9999.0000
Matilde,5.0,0.1213,0.1032,0.1561,-9999.0000
Los Pinos,5.0,0.1876,0.1511,0.2196,-9999.0000
Marga Marga,5.0,0.1748,0.1505,0.2057,-9999.0000
60,5.0,0.1315,0.1227,0.1656,-9999.0000
Castillo Blanco,5.0,0.1210,0.1077,0.1284,-9999.0000
El Tranque,5.0,0.1565,0.1333,0.1629,-9999.0000
Jose Miguel Carrera,5.0,0.1072,0.0887,0.1303,-9999.0000
Las Rosas,5.0,0.1153,0.1005,0.1249,-9999.0000
Piloto Pardo,5.0,0.1219,0.1182,0.1453,-9999.0000
Porvenir,5.0,0.2366,0.1866,0.2653,-9999.0000
Textil Viña,5.0,0.0950,0.0893,0.1129,-9999.0000
21 de Mayo,5.0,0.1430,0.1323,0.1680,-9999.0000
Barros Arana,5.0,0.1609,0.1346,0.1787,-9999.0000
La Granja,5.0,0.1572,0.1351,0.1687,-9999.0000
Las Viñas,5.0,0.1702,0.1500,0.1791,-9999.0000
Los Estanques,5.0,0.1406,0.1289,0.1573,-9999.0000
Mena,5.0,0.1397,0.1288,0.1611,-9999.0000
Pedro Montt,5.0,0.1404,0.1262,0.1539,-9999.0000
Victoria Oriente,5.0,0.1249,0.1145,0.1483,-9999.0000
Victoria Poniente,5.0,0.1328,0.1211,0.1560,-9999.0000
Villa Olimpica,5.0,0.1125,0.0784,0.1378,-9999.0000
Araya,5.0,0.1263,0.1104,0.1416,-9999.0000
Arturo Prat,5.0,0.1211,0.0936,0.1363,-9999.0000
Blanco,5.0,0.1240,0.1161,0.1500,-9999.0000
Centro,5.0,0.1224,0.1087,0.1313,-9999.0000
Colina de Oro,5.0,0.2171,0.1793,0.2500,-9999.0000
El Esfuerzo,5.0,0.1293,0.1136,0.1409,-9999.0000
Emparte,5.0,0.0883,0.0838,0.0905,-9999.0000
Esmeralda,5.0,0.1446,0.1270,0.1506,-9999.0000
Liceo,5.0,0.1297,0.1184,0.1439,-9999.0000
Poblacion Esperanza,5.0,0.1513,0.1355,0.1629,-9999.0000
Poblacion Ferroviaria,5.0,0.1490,0.1370,0.1685,-9999.0000
R. Sotomayor,5.0,0.1364,0.1229,0.1441,-9999.0000
San Cristobal2,5.0,0.1663,0.1490,0.1880,-9999.0000
Sol del Pacifico,5.0,0.1260,0.1156,0.1476,-9999.0000
Soublete (Francisco Bilbao),5.0,0.1314,0.1139,0.1488,-9999.0000
Thompson,5.0,0.0977,0.0884,0.1154,-9999.0000
M. Mena,5.0,0.1101,0.0984,0.1220,-9999.0000
Manuel Rodriguez,5.0,0.1127,0.1020,0.1241,-9999.0000
No Organizada,5.0,0.1786,0.1075,0.2023,-9999.0000
Pompeya Norte,5.0,0.1137,0.1020,0.1401,-9999.0000
Pompeya Sur,5.0,0.1393,0.1258,0.1509,-9999.0000
Valencia Alto,5.0,0.1097,0.1015,0.1188,-9999.0000
Costa Sol,5.0,0.0771,0.0551,0.0905,-9999.0000
California,5.0,0.1244,0.0918,0.1292,-9999.0000
Camilo Henriquez,5.0,0.1263,0.1115,0.1354,-9999.0000
El Bosque,5.0,0.2624,0.2098,0.3258,-9999.0000
El Sol,5.0,0.2258,0.2050,0.2400,-9999.0000
General Baquedano,5.0,0.1434,0.1300,0.1610,-9999.0000
Infante,5.0,0.1992,0.1796,0.2213,-9999.0000
Lo Gamboa,5.0,0.1104,0.0904,0.1246,-9999.0000
Los Espinos,5.0,0.1923,0.1768,0.2103,-9999.0000
Retiro,5.0,0.1972,0.1727,0.2136,-9999.0000
Viñas del Sol,5.0,0.1745,0.1579,0.1993,-9999.0000
Buenos Aires,5.0,0.1480,0.1202,0.1644,-9999.0000
Casa de Valencia,5.0,0.1791,0.1591,0.1960,-9999.0000
Hevia,5.0,0.1267,0.1159,0.1377,-9999.0000
Humbolt,5.0,0.1683,0.1541,0.1805,-9999.0000
Phillips,5.0,0.1418,0.1235,0.1500,-9999.0000
Poblacion Argentina,5.0,0.1745,0.1149,0.1778,-9999.0000
Poblacion Canal Chacao,5.0,0.2069,0.1284,0.2272,-9999.0000
San Gregorio,5.0,0.1207,0.1071,0.1254,-9999.0000
Valencia Bajo,5.0,0.1381,0.1208,0.1464,-9999.0000
Villa Paso Hondo,5.0,0.2199,0.1506,0.2412,-9999.0000
Calicheros,6.0,0.1709,0.1040,0.2674,-9999.0000
Belloto 2000,6.0,0.1076,0.0708,0.1252,-9999.0000
Belloto Centro,6.0,0.1091,0.0707,0.1330,-9999.0000
Bernando Ohiggins,6.0,0.1280,0.0811,0.1538,-9999.0000
Cruz del Sur,6.0,0.1114,0.0689,0.1293,-9999.0000
82,6.0,0.1514,0.1022,0.2095,-9999.0000
Belloto Norte,6.0,0.1358,0.0759,0.1664,-9999.0000
E.E.U.U,6.0,0.1594,0.0881,0.2384,-9999.0000
Lincoyan,6.0,0.1298,0.0781,0.1603,-9999.0000
Los Colonos,6.0,0.2328,0.1289,0.3055,-9999.0000
Patricio Lynch,6.0,0.2033,0.1015,0.2696,-9999.0000
Santa Marta,6.0,0.2038,0.1004,0.2765,-9999.0000
Cantera,6.0,0.1239,0.0785,0.1579,-9999.0000
Decimo Sector,6.0,0.1401,0.0872,0.1747,-9999.0000
Estero Viejo,6.0,0.1256,0.0807,0.1587,-9999.0000
Matilde,6.0,0.1892,0.1031,0.2171,-9999.0000
San Cristobal,6.0,0.1684,0.1073,0.1965,-9999.0000
Tierras Rojas,6.0,0.1378,0.0948,0.1808,-9999.0000
Decimo Sector,6.0,0.1748,0.0917,0.1913,-9999.0000
Matilde,6.0,0.1766,0.0918,0.2855,-9999.0000
Los Pinos,6.0,0.1975,0.1039,0.2608,-9999.0000
Marga Marga,6.0,0.1893,0.0992,0.2333,-9999.0000
60,6.0,0.1730,0.1054,0.2369,-9999.0000
Castillo Blanco,6.0,0.1377,0.0878,0.1603,-9999.0000
El Tranque,6.0,0.1690,0.1041,0.1932,-9999.0000
Jose Miguel Carrera,6.0,0.1218,0.0755,0.1626,-9999.0000
Las Rosas,6.0,0.1284,0.0793,0.1449,-9999.0000
Piloto Pardo,6.0,0.1392,0.0973,0.1728,-9999.0000
Porvenir,6.0,0.2521,0.1228,0.3110,-9999.0000
Textil Viña,6.0,0.1076,0.0667,0.1333,-9999.0000
21 de Mayo,6.0,0.1800,0.1140,0.2226,-9999.0000
Barros Arana,6.0,0.1779,0.1240,0.1920,-9999.0000
La Granja,6.0,0.1804,0.1192,0.2314,-9999.0000
Las Viñas,6.0,0.1846,0.1125,0.2205,-9999.0000
Los Estanques,6.0,0.1592,0.1168,0.2107,-9999.0000
Mena,6.0,0.1691,0.1119,0.1963,-9999.0000
Pedro Montt,6.0,0.1647,0.1133,0.1897,-9999.0000
Victoria Oriente,6.0,0.1618,0.0888,0.1929,-9999.0000
Victoria Poniente,6.0,0.1545,0.0935,0.1819,-9999.0000
Villa Olimpica,6.0,0.1453,0.0904,0.1688,-9999.0000
Araya,6.0,0.1389,0.0892,0.1717,-9999.0000
Arturo Prat,6.0,0.1341,0.0926,0.1431,-9999.0000
Blanco,6.0,0.1206,0.0886,0.1416,-9999.0000
Centro,6.0,0.1263,0.0860,0.1343,-9999.0000
Colina de Oro,6.0,0.2084,0.1293,0.2768,-9999.0000
El Esfuerzo,6.0,0.1418,0.0909,0.1736,-9999.0000
Emparte,6.0,0.0893,0.0634,0.1038,-9999.0000
Esmeralda,6.0,0.1552,0.1056,0.1833,-9999.0000
Liceo,6.0,0.1388,0.1000,0.1544,-9999.0000
Poblacion Esperanza,6.0,0.1682,0.1047,0.1958,-9999.0000
Poblacion Ferroviaria,6.0,0.1649,0.1098,0.1991,-9999.0000
R. Sotomayor,6.0,0.1513,0.1000,0.1688,-9999.0000
San Cristobal2,6.0,0.2065,0.1279,0.2368,-9999.0000
Sol del Pacifico,6.0,0.1497,0.1047,0.1867,-9999.0000
Soublete (Francisco Bilbao),6.0,0.1361,0.0876,0.1549,-9999.0000
Thompson,6.0,0.0988,0.0636,0.1074,-9999.0000
M. Mena,6.0,0.1200,0.0840,0.1616,-9999.0000
Manuel Rodriguez,6.0,0.1257,0.0824,0.1581,-9999.0000
No Organizada,6.0,0.1473,0.1046,0.2355,-9999.0000
Pompeya Norte,6.0,0.1216,0.0781,0.1442,-9999.0000
Pompeya Sur,6.0,0.1538,0.0997,0.1835,-9999.0000
Valencia Alto,6.0,0.1183,0.0739,0.1315,-9999.0000
Costa Sol,6.0,0.0899,0.0515,0.0971,-9999.0000
California,6.0,0.1399,0.0952,0.1488,-9999.0000
Camilo Henriquez,6.0,0.1284,0.0873,0.1558,-9999.0000
El Bosque,6.0,0.3161,0.1596,0.3944,-9999.0000
El Sol,6.0,0.2290,0.1619,0.2611,-9999.0000
General Baquedano,6.0,0.1471,0.1042,0.1717,-9999.0000
Infante,6.0,0.2119,0.1298,0.2689,-9999.0000
Lo Gamboa,6.0,0.1238,0.0852,0.1474,-9999.0000
Los Espinos,6.0,0.1964,0.1314,0.2198,-9999.0000
Retiro,6.0,0.2090,0.1425,0.2434,-9999.0000
Viñas del Sol,6.0,0.1940,0.1280,0.2304,-9999.0000
Buenos Aires,6.0,0.1596,0.1036,0.1912,-9999.0000
Casa de Valencia,6.0,0.1874,0.1281,0.2385,-9999.0000
Hevia,6.0,0.1329,0.0897,0.1577,-9999.0000
Humbolt,6.0,0.1915,0.1275,0.2164,-9999.0000
Phillips,6.0,0.1542,0.0970,0.1866,-9999.0000
Poblacion Argentina,6.0,0.1585,0.1156,0.1860,-9999.0000
Poblacion Canal Chacao,6.0,0.1940,0.1434,0.2806,-9999.0000
San Gregorio,6.0,0.1269,0.0790,0.1438,-9999.0000
Valencia Bajo,6.0,0.1455,0.0858,0.1750,-9999.0000
Villa Paso Hondo,6.0,0.2447,0.1371,0.2906,-9999.0000
Calicheros,7.0,0.2341,0.1875,0.3200,-9999.0000
Belloto 2000,7.0,0.1211,0.0977,0.1267,-9999.0000
Belloto Centro,7.0,0.1274,0.0958,0.1288,-9999.0000
Bernando Ohiggins,7.0,0.1510,0.1173,0.1528,-9999.0000
Cruz del Sur,7.0,0.1252,0.0997,0.1308,-9999.0000
82,7.0,0.2026,0.1540,0.2185,-9999.0000
Belloto Norte,7.0,0.1554,0.1228,0.1684,-9999.0000
E.E.U.U,7.0,0.2163,0.1492,0.2577,-9999.0000
Lincoyan,7.0,0.1516,0.1131,0.1661,-9999.0000
Los Colonos,7.0,0.2952,0.2179,0.3276,-9999.0000
Patricio Lynch,7.0,0.2644,0.1944,0.2782,-9999.0000
Santa Marta,7.0,0.2664,0.1924,0.2909,-9999.0000
Cantera,7.0,0.1569,0.1121,0.1626,-9999.0000
Decimo Sector,7.0,0.1703,0.1252,0.1829,-9999.0000
Estero Viejo,7.0,0.1583,0.1147,0.1611,-9999.0000
Matilde,7.0,0.2113,0.1376,0.2342,-9999.0000
San Cristobal,7.0,0.1902,0.1513,0.1988,-9999.0000
Tierras Rojas,7.0,0.1746,0.1358,0.1834,-9999.0000
Decimo Sector,7.0,0.1977,0.1258,0.2103,-9999.0000
Matilde,7.0,0.2568,0.1456,0.3019,-9999.0000
Los Pinos,7.0,0.2428,0.1932,0.2739,-9999.0000
Marga Marga,7.0,0.2237,0.1761,0.2484,-9999.0000
60,7.0,0.2173,0.1492,0.2472,-9999.0000
Castillo Blanco,7.0,0.1611,0.1224,0.1667,-9999.0000
El Tranque,7.0,0.1940,0.1422,0.2053,-9999.0000
Jose Miguel Carrera,7.0,0.1548,0.1103,0.1625,-9999.0000
Las Rosas,7.0,0.1406,0.1127,0.1461,-9999.0000
Piloto Pardo,7.0,0.1623,0.1258,0.1687,-9999.0000
Porvenir,7.0,0.3064,0.2069,0.3448,-9999.0000
Textil Viña,7.0,0.1252,0.0984,0.1347,-9999.0000
21 de Mayo,7.0,0.2189,0.1632,0.2324,-9999.0000
Barros Arana,7.0,0.1741,0.1592,0.1871,-9999.0000
La Granja,7.0,0.2338,0.1673,0.2510,-9999.0000
Las Viñas,7.0,0.2288,0.1721,0.2408,-9999.0000
Los Estanques,7.0,0.2033,0.1520,0.2242,-9999.0000
Mena,7.0,0.1896,0.1524,0.1988,-9999.0000
Pedro Montt,7.0,0.1859,0.1536,0.1960,-9999.0000
Victoria Oriente,7.0,0.2121,0.1513,0.2218,-9999.0000
Victoria Poniente,7.0,0.1832,0.1348,0.2025,-9999.0000
Villa Olimpica,7.0,0.1863,0.1432,0.2030,-9999.0000
Araya,7.0,0.1679,0.1230,0.1735,-9999.0000
Arturo Prat,7.0,0.1254,0.1201,0.1291,-9999.0000
Blanco,7.0,0.1282,0.1120,0.1317,-9999.0000
Centro,7.0,0.1201,0.1129,0.1278,-9999.0000
Colina de Oro,7.0,0.2530,0.2255,0.3183,-9999.0000
El Esfuerzo,7.0,0.1689,0.1288,0.1756,-9999.0000
Emparte,7.0,0.0944,0.0826,0.1025,-9999.0000
Esmeralda,7.0,0.1812,0.1516,0.1893,-9999.0000
Liceo,7.0,0.1445,0.1332,0.1502,-9999.0000
Poblacion Esperanza,7.0,0.1836,0.1514,0.1978,-9999.0000
Poblacion Ferroviaria,7.0,0.1920,0.1518,0.1987,-9999.0000
R. Sotomayor,7.0,0.1703,0.1376,0.1757,-9999.0000
San Cristobal2,7.0,0.2463,0.1897,0.2611,-9999.0000
Sol del Pacifico,7.0,0.1767,0.1414,0.1907,-9999.0000
Soublete (Francisco Bilbao),7.0,0.1444,0.1197,0.1499,-9999.0000
Thompson,7.0,0.0994,0.0909,0.1034,-9999.0000
M. Mena,7.0,0.1643,0.1150,0.1819,-9999.0000
Manuel Rodriguez,7.0,0.1775,0.1229,0.1828,-9999.0000
No Organizada,7.0,0.2208,0.1511,0.2988,-9999.0000
Pompeya Norte,7.0,0.1508,0.1268,0.1723,-9999.0000
Pompeya Sur,7.0,0.1907,0.1577,0.2084,-9999.0000
Valencia Alto,7.0,0.1406,0.1145,0.1504,-9999.0000
Costa Sol,7.0,0.1288,0.0890,0.1398,-9999.0000
California,7.0,0.1424,0.1269,0.1484,-9999.0000
Camilo Henriquez,7.0,0.1548,0.1165,0.1631,-9999.0000
El Bosque,7.0,0.3808,0.2876,0.4202,-9999.0000
El Sol,7.0,0.2461,0.2140,0.2574,-9999.0000
General Baquedano,7.0,0.1570,0.1404,0.1640,-9999.0000
Infante,7.0,0.2524,0.2038,0.2732,-9999.0000
Lo Gamboa,7.0,0.1446,0.1136,0.1463,-9999.0000
Los Espinos,7.0,0.2078,0.1822,0.2114,-9999.0000
Retiro,7.0,0.2333,0.1898,0.2368,-9999.0000
Viñas del Sol,7.0,0.2185,0.1719,0.2276,-9999.0000
Buenos Aires,7.0,0.1816,0.1572,0.1975,-9999.0000
Casa de Valencia,7.0,0.2439,0.1946,0.2480,-9999.0000
Hevia,7.0,0.1512,0.1334,0.1670,-9999.0000
Humbolt,7.0,0.2112,0.1734,0.2251,-9999.0000
Phillips,7.0,0.1913,0.1480,0.2023,-9999.0000
Poblacion Argentina,7.0,0.1886,0.1624,0.2161,-9999.0000
Poblacion Canal Chacao,7.0,0.2529,0.2012,0.3279,-9999.0000
San Gregorio,7.0,0.1362,0.1243,0.1449,-9999.0000
Valencia Bajo,7.0,0.1780,0.1391,0.1883,-9999.0000
Villa Paso Hondo,7.0,0.2758,0.2381,0.3047,-9999.0000
Calicheros,8.0,0.3471,0.3025,0.4415,-9999.0000
Belloto 2000,8.0,0.1333,0.1288,0.1442,-9999.0000
Belloto Centro,8.0,0.1472,0.1388,0.1597,-9999.0000
Bernando Ohiggins,8.0,0.1672,0.1447,0.1825,-9999.0000
Cruz del Sur,8.0,0.1372,0.1325,0.1551,-9999.0000
82,8.0,0.2377,0.2041,0.2533,-9999.0000
Belloto Norte,8.0,0.1726,0.1534,0.1884,-9999.0000
E.E.U.U,8.0,0.2776,0.2457,0.2876,-9999.0000
Lincoyan,8.0,0.1753,0.1646,0.1903,-9999.0000
Los Colonos,8.0,0.3486,0.3066,0.3895,-9999.0000
Patricio Lynch,8.0,0.2981,0.2717,0.3317,-9999.0000
Santa Marta,8.0,0.3042,0.2926,0.3364,-9999.0000
Cantera,8.0,0.1750,0.1588,0.1792,-9999.0000
Decimo Sector,8.0,0.1969,0.1820,0.2123,-9999.0000
Estero Viejo,8.0,0.1728,0.1594,0.1883,-9999.0000
Matilde,8.0,0.2507,0.2260,0.2623,-9999.0000
San Cristobal,8.0,0.2162,0.1909,0.2320,-9999.0000
Tierras Rojas,8.0,0.2015,0.1609,0.2090,-9999.0000
Decimo Sector,8.0,0.2382,0.2041,0.2650,-9999.0000
Matilde,8.0,0.3143,0.2656,0.3404,-9999.0000
Los Pinos,8.0,0.2997,0.2601,0.3224,-9999.0000
Marga Marga,8.0,0.2814,0.2496,0.3003,-9999.0000
60,8.0,0.2618,0.2150,0.2942,-9999.0000
Castillo Blanco,8.0,0.1868,0.1684,0.1928,-9999.0000
El Tranque,8.0,0.2099,0.1915,0.2346,-9999.0000
Jose Miguel Carrera,8.0,0.1740,0.1475,0.2011,-9999.0000
Las Rosas,8.0,0.1623,0.1511,0.1725,-9999.0000
Piloto Pardo,8.0,0.1915,0.1655,0.2072,-9999.0000
Porvenir,8.0,0.3929,0.3513,0.3963,-9999.0000
Textil Viña,8.0,0.1471,0.1357,0.1614,-9999.0000
21 de Mayo,8.0,0.2380,0.2273,0.2601,-9999.0000
Barros Arana,8.0,0.1840,0.1678,0.2020,-9999.0000
La Granja,8.0,0.2766,0.2620,0.2907,-9999.0000
Las Viñas,8.0,0.2543,0.2415,0.2694,-9999.0000
Los Estanques,8.0,0.2442,0.2213,0.2593,-9999.0000
Mena,8.0,0.2083,0.1688,0.2250,-9999.0000
Pedro Montt,8.0,0.1983,0.1624,0.2118,-9999.0000
Victoria Oriente,8.0,0.2576,0.2378,0.2657,-9999.0000
Victoria Poniente,8.0,0.2242,0.1995,0.2335,-9999.0000
Villa Olimpica,8.0,0.2220,0.2066,0.2539,-9999.0000
Araya,8.0,0.1887,0.1784,0.2087,-9999.0000
Arturo Prat,8.0,0.1425,0.1290,0.1476,-9999.0000
Blanco,8.0,0.1440,0.1199,0.1566,-9999.0000
Centro,8.0,0.1344,0.1197,0.1436,-9999.0000
Colina de Oro,8.0,0.3258,0.3156,0.3843,-9999.0000
El Esfuerzo,8.0,0.1991,0.1843,0.2146,-9999.0000
Emparte,8.0,0.1057,0.0917,0.1119,-9999.0000
Esmeralda,8.0,0.2159,0.1667,0.2217,-9999.0000
Liceo,8.0,0.1593,0.1405,0.1707,-9999.0000
Poblacion Esperanza,8.0,0.2132,0.1996,0.2314,-9999.0000
Poblacion Ferroviaria,8.0,0.2112,0.1619,0.2286,-9999.0000
R. Sotomayor,8.0,0.1888,0.1733,0.2026,-9999.0000
San Cristobal2,8.0,0.2938,0.2705,0.3072,-9999.0000
Sol del Pacifico,8.0,0.2004,0.1842,0.2191,-9999.0000
Soublete (Francisco Bilbao),8.0,0.1641,0.1310,0.1821,-9999.0000
Thompson,8.0,0.1163,0.1033,0.1239,-9999.0000
M. Mena,8.0,0.1927,0.1744,0.2076,-9999.0000
Manuel Rodriguez,8.0,0.2084,0.1967,0.2181,-9999.0000
No Organizada,8.0,0.3430,0.2719,0.3915,-9999.0000
Pompeya Norte,8.0,0.2111,0.1931,0.2213,-9999.0000
Pompeya Sur,8.0,0.2428,0.2162,0.2526,-9999.0000
Valencia Alto,8.0,0.1722,0.1657,0.1789,-9999.0000
Costa Sol,8.0,0.1861,0.1575,0.2035,-9999.0000
California,8.0,0.1537,0.1317,0.1629,-9999.0000
Camilo Henriquez,8.0,0.1826,0.1784,0.1956,-9999.0000
El Bosque,8.0,0.4431,0.3767,0.4781,-9999.0000
El Sol,8.0,0.2659,0.2480,0.2733,-9999.0000
General Baquedano,8.0,0.1756,0.1700,0.1924,-9999.0000
Infante,8.0,0.2898,0.2205,0.2990,-9999.0000
Lo Gamboa,8.0,0.1543,0.1231,0.1693,-9999.0000
Los Espinos,8.0,0.2332,0.2251,0.2412,-9999.0000
Retiro,8.0,0.2593,0.2389,0.2781,-9999.0000
Viñas del Sol,8.0,0.2474,0.2356,0.2712,-9999.0000
Buenos Aires,8.0,0.1999,0.1909,0.2163,-9999.0000
Casa de Valencia,8.0,0.2729,0.2338,0.2762,-9999.0000
Hevia,8.0,0.1741,0.1629,0.1867,-9999.0000
Humbolt,8.0,0.2400,0.2246,0.2501,-9999.0000
Phillips,8.0,0.2174,0.2023,0.2269,-9999.0000
Poblacion Argentina,8.0,0.2454,0.1991,0.2564,-9999.0000
Poblacion Canal Chacao,8.0,0.3482,0.2669,0.3882,-9999.0000
San Gregorio,8.0,0.1578,0.1504,0.1623,-9999.0000
Valencia Bajo,8.0,0.2104,0.1942,0.2161,-9999.0000
Villa Paso Hondo,8.0,0.3387,0.2740,0.3633,-9999.0000
Calicheros,9.0,0.3430,0.3039,0.4993,-9999.0000
Belloto 2000,9.0,0.1405,0.1255,0.1598,-9999.0000
Belloto Centro,9.0,0.1569,0.1351,0.1761,-9999.0000
Bernando Ohiggins,9.0,0.1791,0.1551,0.1999,-9999.0000
Cruz del Sur,9.0,0.1527,0.1301,0.1690,-9999.0000
82,9.0,0.2281,0.1877,0.2713,-9999.0000
Belloto Norte,9.0,0.1886,0.1677,0.2105,-9999.0000
E.E.U.U,9.0,0.2706,0.2252,0.3095,-9999.0000
Lincoyan,9.0,0.1843,0.1565,0.2078,-9999.0000
Los Colonos,9.0,0.3619,0.3071,0.4236,-9999.0000
Patricio Lynch,9.0,0.3077,0.2631,0.3503,-9999.0000
Santa Marta,9.0,0.2966,0.2580,0.3491,-9999.0000
Cantera,9.0,0.1682,0.1455,0.1831,-9999.0000
Decimo Sector,9.0,0.2045,0.1633,0.2211,-9999.0000
Estero Viejo,9.0,0.1715,0.1474,0.1966,-9999.0000
Matilde,9.0,0.2375,0.1979,0.2659,-9999.0000
San Cristobal,9.0,0.2226,0.1847,0.2506,-9999.0000
Tierras Rojas,9.0,0.1956,0.1648,0.2182,-9999.0000
Decimo Sector,9.0,0.2285,0.1949,0.2620,-9999.0000
Matilde,9.0,0.2695,0.2137,0.3510,-9999.0000
Los Pinos,9.0,0.2931,0.2604,0.3800,-9999.0000
Marga Marga,9.0,0.2912,0.2340,0.3344,-9999.0000
60,9.0,0.2426,0.1864,0.2959,-9999.0000
Castillo Blanco,9.0,0.1918,0.1639,0.2039,-9999.0000
El Tranque,9.0,0.2187,0.1838,0.2514,-9999.0000
Jose Miguel Carrera,9.0,0.1866,0.1501,0.2199,-9999.0000
Las Rosas,9.0,0.1719,0.1548,0.1867,-9999.0000
Piloto Pardo,9.0,0.2072,0.1773,0.2244,-9999.0000
Porvenir,9.0,0.3914,0.2892,0.4577,-9999.0000
Textil Viña,9.0,0.1542,0.1360,0.1719,-9999.0000
21 de Mayo,9.0,0.2544,0.2113,0.2763,-9999.0000
Barros Arana,9.0,0.1984,0.1905,0.2242,-9999.0000
La Granja,9.0,0.2701,0.2020,0.3011,-9999.0000
Las Viñas,9.0,0.2518,0.2195,0.2805,-9999.0000
Los Estanques,9.0,0.2380,0.1596,0.2733,-9999.0000
Mena,9.0,0.2237,0.1987,0.2415,-9999.0000
Pedro Montt,9.0,0.2105,0.1902,0.2256,-9999.0000
Victoria Oriente,9.0,0.2654,0.2045,0.2800,-9999.0000
Victoria Poniente,9.0,0.2362,0.1948,0.2551,-9999.0000
Villa Olimpica,9.0,0.2250,0.1929,0.2615,-9999.0000
Araya,9.0,0.1942,0.1726,0.2271,-9999.0000
Arturo Prat,9.0,0.1500,0.1415,0.1651,-9999.0000
Blanco,9.0,0.1588,0.1503,0.1887,-9999.0000
Centro,9.0,0.1454,0.1391,0.1623,-9999.0000
Colina de Oro,9.0,0.3591,0.3122,0.4594,-9999.0000
El Esfuerzo,9.0,0.2042,0.1788,0.2317,-9999.0000
Emparte,9.0,0.1152,0.1044,0.1318,-9999.0000
Esmeralda,9.0,0.2119,0.1831,0.2257,-9999.0000
Liceo,9.0,0.1663,0.1583,0.1905,-9999.0000
Poblacion Esperanza,9.0,0.2166,0.1938,0.2518,-9999.0000
Poblacion Ferroviaria,9.0,0.2131,0.2011,0.2425,-9999.0000
R. Sotomayor,9.0,0.2080,0.1805,0.2134,-9999.0000
San Cristobal2,9.0,0.2713,0.2275,0.3179,-9999.0000
Sol del Pacifico,9.0,0.2021,0.1819,0.2285,-9999.0000
Soublete (Francisco Bilbao),9.0,0.1768,0.1545,0.2040,-9999.0000
Thompson,9.0,0.1216,0.1167,0.1476,-9999.0000
M. Mena,9.0,0.1958,0.1442,0.2176,-9999.0000
Manuel Rodriguez,9.0,0.2024,0.1677,0.2253,-9999.0000
No Organizada,9.0,0.3353,0.3184,0.4616,-9999.0000
Pompeya Norte,9.0,0.2270,0.2123,0.2533,-9999.0000
Pompeya Sur,9.0,0.2512,0.2143,0.2697,-9999.0000
Valencia Alto,9.0,0.1829,0.1599,0.1950,-9999.0000
Costa Sol,9.0,0.1934,0.1660,0.2317,-9999.0000
California,9.0,0.1553,0.1479,0.1688,-9999.0000
Camilo Henriquez,9.0,0.2097,0.1886,0.2220,-9999.0000
El Bosque,9.0,0.4650,0.4089,0.5317,-9999.0000
El Sol,9.0,0.2797,0.2690,0.3184,-9999.0000
General Baquedano,9.0,0.1841,0.1771,0.2111,-9999.0000
Infante,9.0,0.2927,0.2711,0.3469,-9999.0000
Lo Gamboa,9.0,0.1590,0.1474,0.1797,-9999.0000
Los Espinos,9.0,0.2588,0.2419,0.2711,-9999.0000
Retiro,9.0,0.2866,0.2648,0.3085,-9999.0000
Viñas del Sol,9.0,0.2548,0.2394,0.3019,-9999.0000
Buenos Aires,9.0,0.2030,0.1834,0.2344,-9999.0000
Casa de Valencia,9.0,0.2743,0.2387,0.3149,-9999.0000
Hevia,9.0,0.1776,0.1525,0.2036,-9999.0000
Humbolt,9.0,0.2456,0.1641,0.2667,-9999.0000
Phillips,9.0,0.2137,0.1894,0.2384,-9999.0000
Poblacion Argentina,9.0,0.2734,0.2520,0.2873,-9999.0000
Poblacion Canal Chacao,9.0,0.3787,0.3311,0.4639,-9999.0000
San Gregorio,9.0,0.1603,0.1489,0.1785,-9999.0000
Valencia Bajo,9.0,0.2152,0.1885,0.2300,-9999.0000
Villa Paso Hondo,9.0,0.3640,0.3156,0.4293,-9999.0000
Calicheros,10.0,0.3498,0.2816,0.3927,-9999.0000
Belloto 2000,10.0,0.1372,0.1233,0.1513,-9999.0000
Belloto Centro,10.0,0.1578,0.1328,0.1728,-9999.0000
Bernando Ohiggins,10.0,0.1783,0.1529,0.1880,-9999.0000
Cruz del Sur,10.0,0.1495,0.1290,0.1638,-9999.0000
82,10.0,0.2127,0.1810,0.2247,-9999.0000
Belloto Norte,10.0,0.1960,0.1645,0.2120,-9999.0000
E.E.U.U,10.0,0.2286,0.1810,0.2560,-9999.0000
Lincoyan,10.0,0.1893,0.1610,0.2044,-9999.0000
Los Colonos,10.0,0.3283,0.2471,0.3465,-9999.0000
Patricio Lynch,10.0,0.2864,0.2240,0.3096,-9999.0000
Santa Marta,10.0,0.2697,0.2087,0.2908,-9999.0000
Cantera,10.0,0.1459,0.1271,0.1620,-9999.0000
Decimo Sector,10.0,0.1757,0.1410,0.1940,-9999.0000
Estero Viejo,10.0,0.1563,0.1320,0.1698,-9999.0000
Matilde,10.0,0.1961,0.1609,0.2349,-9999.0000
San Cristobal,10.0,0.2087,0.1678,0.2211,-9999.0000
Tierras Rojas,10.0,0.1769,0.1512,0.1910,-9999.0000
Decimo Sector,10.0,0.1958,0.1639,0.2558,-9999.0000
Matilde,10.0,0.2195,0.1799,0.2584,-9999.0000
Los Pinos,10.0,0.3091,0.2365,0.3297,-9999.0000
Marga Marga,10.0,0.2785,0.2212,0.2911,-9999.0000
60,10.0,0.2034,0.1600,0.2381,-9999.0000
Castillo Blanco,10.0,0.1744,0.1539,0.1942,-9999.0000
El Tranque,10.0,0.2146,0.1921,0.2455,-9999.0000
Jose Miguel Carrera,10.0,0.1799,0.1438,0.2013,-9999.0000
Las Rosas,10.0,0.1680,0.1532,0.1839,-9999.0000
Piloto Pardo,10.0,0.1967,0.1780,0.2201,-9999.0000
Porvenir,10.0,0.3719,0.2630,0.3939,-9999.0000
Textil Viña,10.0,0.1462,0.1297,0.1606,-9999.0000
21 de Mayo,10.0,0.2348,0.1968,0.2549,-9999.0000
Barros Arana,10.0,0.2120,0.1911,0.2294,-9999.0000
La Granja,10.0,0.2550,0.2069,0.2697,-9999.0000
Las Viñas,10.0,0.2444,0.2078,0.2620,-9999.0000
Los Estanques,10.0,0.2204,0.1937,0.2461,-9999.0000
Mena,10.0,0.2180,0.1887,0.2347,-9999.0000
Pedro Montt,10.0,0.1967,0.1795,0.2120,-9999.0000
Victoria Oriente,10.0,0.2147,0.1736,0.2531,-9999.0000
Victoria Poniente,10.0,0.2161,0.1849,0.2453,-9999.0000
Villa Olimpica,10.0,0.1932,0.1713,0.2085,-9999.0000
Araya,10.0,0.1979,0.1708,0.2186,-9999.0000
Arturo Prat,10.0,0.1618,0.1467,0.1714,-9999.0000
Blanco,10.0,0.1869,0.1610,0.2033,-9999.0000
Centro,10.0,0.1582,0.1449,0.1716,-9999.0000
Colina de Oro,10.0,0.3752,0.3009,0.4098,-9999.0000
El Esfuerzo,10.0,0.1959,0.1718,0.2195,-9999.0000
Emparte,10.0,0.1142,0.1053,0.1268,-9999.0000
Esmeralda,10.0,0.2019,0.1783,0.2161,-9999.0000
Liceo,10.0,0.1748,0.1580,0.1899,-9999.0000
Poblacion Esperanza,10.0,0.2285,0.1988,0.2436,-9999.0000
Poblacion Ferroviaria,10.0,0.2167,0.1853,0.2289,-9999.0000
R. Sotomayor,10.0,0.1998,0.1761,0.2119,-9999.0000
San Cristobal2,10.0,0.2490,0.2045,0.2632,-9999.0000
Sol del Pacifico,10.0,0.1902,0.1727,0.2053,-9999.0000
Soublete (Francisco Bilbao),10.0,0.1894,0.1659,0.2070,-9999.0000
Thompson,10.0,0.1418,0.1271,0.1568,-9999.0000
M. Mena,10.0,0.1828,0.1533,0.2012,-9999.0000
Manuel Rodriguez,10.0,0.1837,0.1636,0.2078,-9999.0000
No Organizada,10.0,0.3067,0.2922,0.3795,-9999.0000
Pompeya Norte,10.0,0.2223,0.2108,0.2593,-9999.0000
Pompeya Sur,10.0,0.2345,0.2107,0.2488,-9999.0000
Valencia Alto,10.0,0.1760,0.1602,0.2032,-9999.0000
Costa Sol,10.0,0.1607,0.1468,0.1929,-9999.0000
California,10.0,0.1501,0.1404,0.1652,-9999.0000
Camilo Henriquez,10.0,0.2075,0.1852,0.2195,-9999.0000
El Bosque,10.0,0.4396,0.3556,0.4687,-9999.0000
El Sol,10.0,0.3026,0.2583,0.3226,-9999.0000
General Baquedano,10.0,0.1974,0.1770,0.2140,-9999.0000
Infante,10.0,0.3067,0.2584,0.3256,-9999.0000
Lo Gamboa,10.0,0.1606,0.1436,0.1781,-9999.0000
Los Espinos,10.0,0.2626,0.2312,0.2867,-9999.0000
Retiro,10.0,0.2870,0.2519,0.3056,-9999.0000
Viñas del Sol,10.0,0.2690,0.2269,0.2919,-9999.0000
Buenos Aires,10.0,0.2087,0.1923,0.2281,-9999.0000
Casa de Valencia,10.0,0.2751,0.2274,0.2885,-9999.0000
Hevia,10.0,0.1836,0.1701,0.1998,-9999.0000
Humbolt,10.0,0.2440,0.2072,0.2638,-9999.0000
Phillips,10.0,0.2024,0.1740,0.2204,-9999.0000
Poblacion Argentina,10.0,0.2709,0.2434,0.3178,-9999.0000
Poblacion Canal Chacao,10.0,0.3486,0.2955,0.3818,-9999.0000
San Gregorio,10.0,0.1635,0.1513,0.1765,-9999.0000
Valencia Bajo,10.0,0.2058,0.1793,0.2278,-9999.0000
Villa Paso Hondo,10.0,0.3633,0.3189,0.3856,-9999.0000
Calicheros,11.0,0.2833,0.2370,0.3380,-9999.0000
Belloto 2000,11.0,0.1272,0.1179,0.1335,-9999.0000
Belloto Centro,11.0,0.1438,0.1306,0.1560,-9999.0000
Bernando Ohiggins,11.0,0.1591,0.1392,0.1703,-9999.0000
Cruz del Sur,11.0,0.1349,0.1243,0.1514,-9999.0000
82,11.0,0.1874,0.1610,0.1893,-9999.0000
Belloto Norte,11.0,0.1747,0.1643,0.1930,-9999.0000
E.E.U.U,11.0,0.1892,0.1604,0.2002,-9999.0000
Lincoyan,11.0,0.1661,0.1554,0.1899,-9999.0000
Los Colonos,11.0,0.2791,0.2297,0.2875,-9999.0000
Patricio Lynch,11.0,0.2406,0.2116,0.2625,-9999.0000
Santa Marta,11.0,0.2299,0.1948,0.2447,-9999.0000
Cantera,11.0,0.1277,0.1180,0.1397,-9999.0000
Decimo Sector,11.0,0.1544,0.1315,0.1681,-9999.0000
Estero Viejo,11.0,0.1402,0.1250,0.1568,-9999.0000
Matilde,11.0,0.1638,0.1388,0.1957,-9999.0000
San Cristobal,11.0,0.1842,0.1619,0.1960,-9999.0000
Tierras Rojas,11.0,0.1566,0.1356,0.1678,-9999.0000
Decimo Sector,11.0,0.1636,0.1362,0.1969,-9999.0000
Matilde,11.0,0.1786,0.1502,0.2026,-9999.0000
Los Pinos,11.0,0.2627,0.2206,0.2884,-9999.0000
Marga Marga,11.0,0.2400,0.2015,0.2613,-9999.0000
60,11.0,0.1688,0.1412,0.1851,-9999.0000
Castillo Blanco,11.0,0.1544,0.1413,0.1709,-9999.0000
El Tranque,11.0,0.1945,0.1795,0.2258,-9999.0000
Jose Miguel Carrera,11.0,0.1645,0.1452,0.1753,-9999.0000
Las Rosas,11.0,0.1546,0.1498,0.1751,-9999.0000
Piloto Pardo,11.0,0.1781,0.1667,0.1997,-9999.0000
Porvenir,11.0,0.3123,0.2433,0.3524,-9999.0000
Textil Viña,11.0,0.1347,0.1246,0.1452,-9999.0000
21 de Mayo,11.0,0.1882,0.1772,0.2234,-9999.0000
Barros Arana,11.0,0.1969,0.1875,0.2148,-9999.0000
La Granja,11.0,0.2009,0.1885,0.2423,-9999.0000
Las Viñas,11.0,0.2149,0.1927,0.2437,-9999.0000
Los Estanques,11.0,0.1825,0.1726,0.2116,-9999.0000
Mena,11.0,0.2002,0.1782,0.2135,-9999.0000
Pedro Montt,11.0,0.1712,0.1466,0.1963,-9999.0000
Victoria Oriente,11.0,0.1618,0.1452,0.2029,-9999.0000
Victoria Poniente,11.0,0.1830,0.1697,0.2199,-9999.0000
Villa Olimpica,11.0,0.1561,0.1429,0.1727,-9999.0000
Araya,11.0,0.1797,0.1610,0.1972,-9999.0000
Arturo Prat,11.0,0.1578,0.1509,0.1650,-9999.0000
Blanco,11.0,0.1818,0.1680,0.1984,-9999.0000
Centro,11.0,0.1576,0.1477,0.1653,-9999.0000
Colina de Oro,11.0,0.3119,0.2792,0.3704,-9999.0000
El Esfuerzo,11.0,0.1774,0.1628,0.2008,-9999.0000
Emparte,11.0,0.1137,0.1090,0.1248,-9999.0000
Esmeralda,11.0,0.1872,0.1794,0.1931,-9999.0000
Liceo,11.0,0.1711,0.1668,0.1801,-9999.0000
Poblacion Esperanza,11.0,0.2029,0.1865,0.2205,-9999.0000
Poblacion Ferroviaria,11.0,0.1930,0.1728,0.2093,-9999.0000
R. Sotomayor,11.0,0.1813,0.1655,0.1979,-9999.0000
San Cristobal2,11.0,0.1984,0.1734,0.2234,-9999.0000
Sol del Pacifico,11.0,0.1702,0.1590,0.1821,-9999.0000
Soublete (Francisco Bilbao),11.0,0.1767,0.1631,0.1933,-9999.0000
Thompson,11.0,0.1484,0.1375,0.1524,-9999.0000
M. Mena,11.0,0.1598,0.1459,0.1813,-9999.0000
Manuel Rodriguez,11.0,0.1541,0.1456,0.1766,-9999.0000
No Organizada,11.0,0.2619,0.2389,0.3320,-9999.0000
Pompeya Norte,11.0,0.1895,0.1790,0.2304,-9999.0000
Pompeya Sur,11.0,0.1977,0.1877,0.2391,-9999.0000
Valencia Alto,11.0,0.1584,0.1496,0.1821,-9999.0000
Costa Sol,11.0,0.1280,0.1128,0.1545,-9999.0000
California,11.0,0.1453,0.1408,0.1531,-9999.0000
Camilo Henriquez,11.0,0.1861,0.1691,0.2089,-9999.0000
El Bosque,11.0,0.3722,0.3068,0.4155,-9999.0000
El Sol,11.0,0.2841,0.2571,0.3179,-9999.0000
General Baquedano,11.0,0.1862,0.1764,0.2017,-9999.0000
Infante,11.0,0.2762,0.2487,0.2965,-9999.0000
Lo Gamboa,11.0,0.1512,0.1418,0.1644,-9999.0000
Los Espinos,11.0,0.2515,0.2295,0.2716,-9999.0000
Retiro,11.0,0.2487,0.2258,0.2823,-9999.0000
Viñas del Sol,11.0,0.2489,0.2204,0.2665,-9999.0000
Buenos Aires,11.0,0.1974,0.1854,0.2119,-9999.0000
Casa de Valencia,11.0,0.2361,0.2189,0.2589,-9999.0000
Hevia,11.0,0.1694,0.1609,0.1875,-9999.0000
Humbolt,11.0,0.2191,0.1984,0.2440,-9999.0000
Phillips,11.0,0.1806,0.1695,0.2075,-9999.0000
Poblacion Argentina,11.0,0.2532,0.2067,0.2976,-9999.0000
Poblacion Canal Chacao,11.0,0.2650,0.2260,0.3437,-9999.0000
San Gregorio,11.0,0.1507,0.1393,0.1640,-9999.0000
Valencia Bajo,11.0,0.1860,0.1700,0.2082,-9999.0000
Villa Paso Hondo,11.0,0.3048,0.2732,0.3457,-9999.0000
Calicheros,12.0,0.2591,0.2242,0.2787,-9999.0000
Belloto 2000,12.0,0.1237,0.1160,0.1308,-9999.0000
Belloto Centro,12.0,0.1416,0.1298,0.1491,-9999.0000
Bernando Ohiggins,12.0,0.1536,0.1432,0.1638,-9999.0000
Cruz del Sur,12.0,0.1337,0.1245,0.1457,-9999.0000
82,12.0,0.1686,0.1598,0.1756,-9999.0000
Belloto Norte,12.0,0.1826,0.1661,0.1868,-9999.0000
E.E.U.U,12.0,0.1821,0.1735,0.1871,-9999.0000
Lincoyan,12.0,0.1725,0.1620,0.1839,-9999.0000
Los Colonos,12.0,0.2613,0.2415,0.2651,-9999.0000
Patricio Lynch,12.0,0.2361,0.2213,0.2414,-9999.0000
Santa Marta,12.0,0.2261,0.2162,0.2290,-9999.0000
Cantera,12.0,0.1264,0.1141,0.1339,-9999.0000
Decimo Sector,12.0,0.1468,0.1321,0.1526,-9999.0000
Estero Viejo,12.0,0.1363,0.1237,0.1450,-9999.0000
Matilde,12.0,0.1583,0.1443,0.1749,-9999.0000
San Cristobal,12.0,0.1776,0.1620,0.1825,-9999.0000
Tierras Rojas,12.0,0.1485,0.1384,0.1542,-9999.0000
Decimo Sector,12.0,0.1555,0.1398,0.1761,-9999.0000
Matilde,12.0,0.1736,0.1502,0.1854,-9999.0000
Los Pinos,12.0,0.2520,0.2334,0.2697,-9999.0000
Marga Marga,12.0,0.2296,0.2063,0.2365,-9999.0000
60,12.0,0.1649,0.1453,0.1740,-9999.0000
Castillo Blanco,12.0,0.1497,0.1381,0.1619,-9999.0000
El Tranque,12.0,0.1931,0.1753,0.2140,-9999.0000
Jose Miguel Carrera,12.0,0.1595,0.1385,0.1622,-9999.0000
Las Rosas,12.0,0.1531,0.1419,0.1685,-9999.0000
Piloto Pardo,12.0,0.1771,0.1623,0.1922,-9999.0000
Porvenir,12.0,0.2901,0.2600,0.3062,-9999.0000
Textil Viña,12.0,0.1287,0.1212,0.1384,-9999.0000
21 de Mayo,12.0,0.1971,0.1729,0.2039,-9999.0000
Barros Arana,12.0,0.2016,0.1870,0.2061,-9999.0000
La Granja,12.0,0.2003,0.1838,0.2143,-9999.0000
Las Viñas,12.0,0.2122,0.1931,0.2234,-9999.0000
Los Estanques,12.0,0.1915,0.1725,0.1952,-9999.0000
Mena,12.0,0.1961,0.1794,0.2042,-9999.0000
Pedro Montt,12.0,0.1742,0.1611,0.1861,-9999.0000
Victoria Oriente,12.0,0.1571,0.1429,0.1816,-9999.0000
Victoria Poniente,12.0,0.1813,0.1678,0.2019,-9999.0000
Villa Olimpica,12.0,0.1472,0.1408,0.1580,-9999.0000
Araya,12.0,0.1767,0.1610,0.1874,-9999.0000
Arturo Prat,12.0,0.1536,0.1504,0.1639,-9999.0000
Blanco,12.0,0.1794,0.1717,0.1911,-9999.0000
Centro,12.0,0.1543,0.1473,0.1659,-9999.0000
Colina de Oro,12.0,0.3058,0.2739,0.3204,-9999.0000
El Esfuerzo,12.0,0.1749,0.1593,0.1906,-9999.0000
Emparte,12.0,0.1046,0.1002,0.1199,-9999.0000
Esmeralda,12.0,0.1787,0.1742,0.1851,-9999.0000
Liceo,12.0,0.1662,0.1600,0.1733,-9999.0000
Poblacion Esperanza,12.0,0.2007,0.1848,0.2121,-9999.0000
Poblacion Ferroviaria,12.0,0.1876,0.1788,0.1981,-9999.0000
R. Sotomayor,12.0,0.1740,0.1681,0.1890,-9999.0000
San Cristobal2,12.0,0.1897,0.1736,0.1964,-9999.0000
Sol del Pacifico,12.0,0.1697,0.1565,0.1761,-9999.0000
Soublete (Francisco Bilbao),12.0,0.1747,0.1637,0.1833,-9999.0000
Thompson,12.0,0.1441,0.1397,0.1492,-9999.0000
M. Mena,12.0,0.1534,0.1397,0.1655,-9999.0000
Manuel Rodriguez,12.0,0.1496,0.1376,0.1591,-9999.0000
No Organizada,12.0,0.2804,0.2221,0.2907,-9999.0000
Pompeya Norte,12.0,0.1796,0.1692,0.2042,-9999.0000
Pompeya Sur,12.0,0.1868,0.1750,0.2140,-9999.0000
Valencia Alto,12.0,0.1494,0.1442,0.1666,-9999.0000
Costa Sol,12.0,0.1129,0.1050,0.1285,-9999.0000
California,12.0,0.1401,0.1349,0.1511,-9999.0000
Camilo Henriquez,12.0,0.1826,0.1669,0.1974,-9999.0000
El Bosque,12.0,0.3662,0.3296,0.3763,-9999.0000
El Sol,12.0,0.2909,0.2760,0.3049,-9999.0000
General Baquedano,12.0,0.1888,0.1775,0.1935,-9999.0000
Infante,12.0,0.2766,0.2543,0.2801,-9999.0000
Lo Gamboa,12.0,0.1460,0.1390,0.1604,-9999.0000
Los Espinos,12.0,0.2524,0.2394,0.2649,-9999.0000
Retiro,12.0,0.2567,0.2394,0.2704,-9999.0000
Viñas del Sol,12.0,0.2460,0.2246,0.2541,-9999.0000
Buenos Aires,12.0,0.1949,0.1811,0.2025,-9999.0000
Casa de Valencia,12.0,0.2331,0.2243,0.2361,-9999.0000
Hevia,12.0,0.1686,0.1567,0.1774,-9999.0000
Humbolt,12.0,0.2199,0.1973,0.2255,-9999.0000
Phillips,12.0,0.1774,0.1631,0.1902,-9999.0000
Poblacion Argentina,12.0,0.2556,0.2306,0.2767,-9999.0000
Poblacion Canal Chacao,12.0,0.2998,0.2405,0.3045,-9999.0000
San Gregorio,12.0,0.1455,0.1362,0.1556,-9999.0000
Valencia Bajo,12.0,0.1779,0.1635,0.1915,-9999.0000
Villa Paso Hondo,12.0,0.3003,0.2837,0.3126,-9999.0000
