NOMBRE,Month,NO2_median,NO2_p25,NO2_p75,anio_actual
Calicheros,1.0,11.231780,11.167938,11.350476,11.244992
Belloto 2000,1.0,11.662977,11.467576,11.797751,11.735489
Belloto Centro,1.0,11.704527,11.483693,11.818881,11.777750
Bernando Ohiggins,1.0,11.571321,11.389571,11.656249,11.623936
Cruz del Sur,1.0,11.571321,11.419386,11.727269,11.735103
82,1.0,11.667492,11.556127,11.785487,11.636166
Belloto Norte,1.0,11.795633,11.572253,12.146724,11.601480
E.E.U.U,1.0,11.795633,11.572253,12.075749,11.601480
Lincoyan,1.0,11.667023,11.410495,11.929630,11.735489
Los Colonos,1.0,11.682059,11.604069,11.968900,11.636166
Patricio Lynch,1.0,11.837291,11.638326,12.091985,11.601480
Santa Marta,1.0,11.861848,11.656643,12.102291,11.601480
Cantera,1.0,11.458665,11.289755,11.529059,11.511403
Decimo Sector,1.0,11.472181,11.289755,11.578847,11.595581
Estero Viejo,1.0,11.571321,11.389571,11.656249,11.623936
Matilde,1.0,11.386716,11.274359,11.472035,11.433096
San Cristobal,1.0,11.498876,11.289755,11.578847,11.595581
Tierras Rojas,1.0,11.489132,11.408810,11.562845,11.511403
Decimo Sector,1.0,11.472181,11.289755,11.578847,11.595581
Matilde,1.0,11.386716,11.274359,11.472035,11.433096
Los Pinos,1.0,11.284639,11.139137,11.446854,11.223067
Marga Marga,1.0,11.278933,11.009876,11.437806,11.223067
60,1.0,11.402189,11.274359,11.488680,11.510498
Castillo Blanco,1.0,11.489132,11.408810,11.562845,11.511403
El Tranque,1.0,11.400940,11.258837,11.543463,11.306317
Jose Miguel Carrera,1.0,11.641238,11.549665,11.775842,11.545649
Las Rosas,1.0,11.400940,11.258837,11.543463,11.306317
Piloto Pardo,1.0,11.400940,11.196637,11.542079,11.306317
Porvenir,1.0,11.357289,11.102210,11.474214,11.432599
Textil Viña,1.0,11.334731,11.139753,11.471850,11.223067
21 de Mayo,1.0,11.538353,11.478766,11.628588,11.621906
Barros Arana,1.0,11.565696,11.477256,11.658166,11.585938
La Granja,1.0,11.450940,11.286447,11.577063,11.388729
Las Viñas,1.0,11.450940,11.286447,11.577063,11.388729
Los Estanques,1.0,11.450940,11.286447,11.577063,11.388729
Mena,1.0,11.535678,11.350770,11.657884,11.537549
Pedro Montt,1.0,11.562722,11.461611,11.644262,11.585938
Victoria Oriente,1.0,11.535678,11.350770,11.657884,11.537549
Victoria Poniente,1.0,11.535678,11.350770,11.657884,11.537549
Villa Olimpica,1.0,11.450940,11.286447,11.577063,11.388729
Araya,1.0,11.502634,11.329213,11.546281,11.323407
Arturo Prat,1.0,11.565696,11.477256,11.658166,11.585938
Blanco,1.0,11.606841,11.476075,11.698133,11.608359
Centro,1.0,11.565696,11.477256,11.658166,11.585938
Colina de Oro,1.0,11.342966,11.155885,11.425013,11.244992
El Esfuerzo,1.0,11.400940,11.258837,11.543463,11.306317
Emparte,1.0,11.565696,11.477256,11.658166,11.585938
Esmeralda,1.0,11.538224,11.400451,11.622207,11.465883
Liceo,1.0,11.585854,11.464989,11.680406,11.597149
Poblacion Esperanza,1.0,11.478886,11.329213,11.546281,11.323407
Poblacion Ferroviaria,1.0,11.641238,11.549665,11.775842,11.545649
R. Sotomayor,1.0,11.478886,11.329213,11.546281,11.323407
San Cristobal2,1.0,11.342966,11.144923,11.445270,11.223067
Sol del Pacifico,1.0,11.334731,11.139753,11.471850,11.223067
Soublete (Francisco Bilbao),1.0,11.606841,11.476075,11.698133,11.608359
Thompson,1.0,11.606841,11.476075,11.698133,11.608359
M. Mena,1.0,11.415849,11.255904,11.493128,11.199045
Manuel Rodriguez,1.0,11.415849,11.255904,11.493128,11.199045
No Organizada,1.0,11.348196,11.280168,11.396803,11.313558
Pompeya Norte,1.0,11.415849,11.255904,11.493128,11.199045
Pompeya Sur,1.0,11.415849,11.255904,11.493128,11.199045
Valencia Alto,1.0,11.457851,11.324470,11.569614,11.490408
Costa Sol,1.0,11.352220,11.257482,11.416723,11.337019
California,1.0,11.682059,11.604069,11.968900,11.636166
Camilo Henriquez,1.0,11.622402,11.562920,11.845962,11.590752
El Bosque,1.0,11.618309,11.562920,11.837952,11.590752
El Sol,1.0,11.622402,11.562920,11.845962,11.590752
General Baquedano,1.0,11.606841,11.476075,11.698133,11.608359
Infante,1.0,11.565696,11.477256,11.658166,11.585938
Lo Gamboa,1.0,11.641238,11.549665,11.775842,11.545649
Los Espinos,1.0,11.622402,11.562920,11.845962,11.590752
Retiro,1.0,11.658516,11.547304,11.782982,11.648053
Viñas del Sol,1.0,11.682059,11.604069,11.968900,11.636166
Buenos Aires,1.0,11.538353,11.478766,11.628588,11.621906
Casa de Valencia,1.0,11.459271,11.318252,11.521240,11.490408
Hevia,1.0,11.457851,11.324470,11.569614,11.490408
Humbolt,1.0,11.538353,11.478766,11.628588,11.621906
Phillips,1.0,11.482588,11.352532,11.569614,11.490408
Poblacion Argentina,1.0,11.354840,11.195259,11.498183,11.490408
Poblacion Canal Chacao,1.0,11.302877,11.240265,11.456605,11.490408
San Gregorio,1.0,11.354840,11.195259,11.498183,11.490408
Valencia Bajo,1.0,11.457851,11.324470,11.569614,11.490408
Villa Paso Hondo,1.0,11.455526,11.294211,11.500970,11.490408
Calicheros,2.0,11.597366,11.519323,12.069277,11.654894
Belloto 2000,2.0,12.092893,11.873004,12.395309,11.924110
Belloto Centro,2.0,12.153294,11.873004,12.395309,12.044913
Bernando Ohiggins,2.0,12.110250,11.906796,12.362687,11.924110
Cruz del Sur,2.0,12.077302,11.887981,12.449481,11.886481
82,2.0,11.966805,11.871503,12.402024,11.886481
Belloto Norte,2.0,12.094396,11.982273,12.465883,12.015893
E.E.U.U,2.0,12.159185,11.926495,12.465883,12.015893
Lincoyan,2.0,12.014117,11.887981,12.495596,11.886481
Los Colonos,2.0,12.017412,11.971895,12.391694,12.044913
Patricio Lynch,2.0,12.096915,11.996783,12.395310,12.044913
Santa Marta,2.0,12.128014,11.941005,12.252780,12.044913
Cantera,2.0,11.929761,11.657672,12.385482,11.611987
Decimo Sector,2.0,12.015236,11.587279,12.288764,11.611987
Estero Viejo,2.0,12.110250,11.906796,12.362687,11.924110
Matilde,2.0,11.897030,11.640184,12.385482,11.515866
San Cristobal,2.0,12.015236,11.614443,12.288764,11.611987
Tierras Rojas,2.0,11.948048,11.832458,12.429465,11.758056
Decimo Sector,2.0,12.015236,11.587279,12.288764,11.611987
Matilde,2.0,11.897030,11.640184,12.385482,11.515866
Los Pinos,2.0,11.601792,11.380745,12.008107,11.164705
Marga Marga,2.0,11.593664,11.305631,11.963001,11.164705
60,2.0,11.919343,11.569791,12.288764,11.515866
Castillo Blanco,2.0,11.948048,11.832458,12.429465,11.758056
El Tranque,2.0,11.959881,11.755408,12.313921,11.710682
Jose Miguel Carrera,2.0,11.959881,11.816276,12.403732,11.758056
Las Rosas,2.0,11.959881,11.755408,12.313921,11.710682
Piloto Pardo,2.0,11.930839,11.755408,12.313834,11.710682
Porvenir,2.0,11.775619,11.585237,12.128144,11.515866
Textil Viña,2.0,11.747158,11.553118,12.113892,11.167300
21 de Mayo,2.0,11.800523,11.528539,12.257890,11.710682
Barros Arana,2.0,11.831901,11.657895,12.331754,11.710682
La Granja,2.0,11.609117,11.460019,12.311606,11.710682
Las Viñas,2.0,11.609117,11.460019,12.311606,11.710682
Los Estanques,2.0,11.609117,11.460019,12.311606,11.710682
Mena,2.0,11.625260,11.505390,12.240254,11.710682
Pedro Montt,2.0,11.800523,11.528539,12.317876,11.710682
Victoria Oriente,2.0,11.625260,11.505390,12.240254,11.710682
Victoria Poniente,2.0,11.625260,11.505390,12.240254,11.710682
Villa Olimpica,2.0,11.609117,11.460019,12.311606,11.710682
Araya,2.0,11.959881,11.755408,12.292510,11.710682
Arturo Prat,2.0,11.831901,11.657895,12.331754,11.710682
Blanco,2.0,11.827351,11.736134,12.396692,11.710682
Centro,2.0,11.831901,11.657895,12.331754,11.710682
Colina de Oro,2.0,11.662729,11.520011,12.098050,11.630711
El Esfuerzo,2.0,11.959881,11.755408,12.313921,11.710682
Emparte,2.0,11.831901,11.657895,12.331754,11.710682
Esmeralda,2.0,11.814786,11.659590,12.332804,11.710682
Liceo,2.0,11.827351,11.736134,12.377443,11.710682
Poblacion Esperanza,2.0,11.803598,11.633215,12.242477,11.710682
Poblacion Ferroviaria,2.0,11.959881,11.816276,12.403732,11.758056
R. Sotomayor,2.0,11.803598,11.633215,12.242477,11.710682
San Cristobal2,2.0,11.670866,11.520011,12.110279,11.630711
Sol del Pacifico,2.0,11.747158,11.553118,12.113892,11.167300
Soublete (Francisco Bilbao),2.0,11.827351,11.736134,12.396692,11.710682
Thompson,2.0,11.827351,11.736134,12.396692,11.710682
M. Mena,2.0,11.643332,11.519851,12.016243,11.544644
Manuel Rodriguez,2.0,11.643332,11.519851,12.016243,11.544644
No Organizada,2.0,11.560785,11.442246,11.885079,11.446219
Pompeya Norte,2.0,11.643332,11.519851,12.016243,11.544644
Pompeya Sur,2.0,11.643332,11.519851,12.016243,11.544644
Valencia Alto,2.0,11.708669,11.551458,12.034739,11.610042
Costa Sol,2.0,11.564821,11.487422,11.885079,11.544644
California,2.0,11.983246,11.939398,12.403429,11.965307
Camilo Henriquez,2.0,11.967033,11.750687,12.275258,11.710682
El Bosque,2.0,11.885285,11.740830,12.259666,11.710682
El Sol,2.0,11.967033,11.750687,12.275258,11.710682
General Baquedano,2.0,11.827351,11.736134,12.396692,11.710682
Infante,2.0,11.831901,11.657895,12.331754,11.710682
Lo Gamboa,2.0,11.959881,11.816276,12.403732,11.758056
Los Espinos,2.0,11.967033,11.750687,12.275258,11.710682
Retiro,2.0,11.845921,11.631452,12.185612,11.710682
Viñas del Sol,2.0,11.983246,11.939398,12.403429,11.965307
Buenos Aires,2.0,11.800523,11.528539,12.257890,11.710682
Casa de Valencia,2.0,11.606325,11.478113,11.849380,11.579988
Hevia,2.0,11.708669,11.551458,12.034739,11.610042
Humbolt,2.0,11.800523,11.528539,12.257890,11.710682
Phillips,2.0,11.750203,11.557153,12.016243,11.610042
Poblacion Argentina,2.0,11.635804,11.426535,11.928888,11.638944
Poblacion Canal Chacao,2.0,11.529940,11.350493,11.714408,11.595049
San Gregorio,2.0,11.635804,11.426535,11.928888,11.638944
Valencia Bajo,2.0,11.708669,11.551458,12.034739,11.610042
Villa Paso Hondo,2.0,11.475279,11.399516,11.663143,11.472906
Calicheros,3.0,12.492644,12.325306,12.624104,12.584214
Belloto 2000,3.0,13.402952,12.929927,13.462140,13.577545
Belloto Centro,3.0,13.445679,12.929927,13.524038,13.577545
Bernando Ohiggins,3.0,13.376414,12.805825,13.407628,13.403546
Cruz del Sur,3.0,13.392135,12.908274,13.453913,13.403546
82,3.0,13.260265,12.743473,13.414100,13.583468
Belloto Norte,3.0,13.417089,13.005007,13.773621,13.873591
E.E.U.U,3.0,13.287189,12.898220,13.726564,13.742123
Lincoyan,3.0,13.444133,13.116813,13.479386,13.450657
Los Colonos,3.0,13.366863,12.744683,13.535851,13.583468
Patricio Lynch,3.0,13.447918,12.892084,13.702524,13.737539
Santa Marta,3.0,13.280434,12.761339,13.726564,13.742123
Cantera,3.0,12.970475,12.658819,13.275731,12.815914
Decimo Sector,3.0,13.032644,12.632718,13.273708,12.763711
Estero Viejo,3.0,13.376414,12.805825,13.407628,13.403546
Matilde,3.0,12.782243,12.558553,13.275731,12.815914
San Cristobal,3.0,13.032644,12.632718,13.273708,12.763711
Tierras Rojas,3.0,13.117315,12.758370,13.316655,13.162932
Decimo Sector,3.0,13.032644,12.632718,13.273708,12.763711
Matilde,3.0,12.782243,12.558553,13.275731,12.815914
Los Pinos,3.0,12.430880,12.294907,12.791765,12.699715
Marga Marga,3.0,12.396744,12.180098,12.781542,12.679269
60,3.0,12.929230,12.558553,13.207090,12.763711
Castillo Blanco,3.0,13.117315,12.758370,13.316655,13.162932
El Tranque,3.0,12.843857,12.367254,13.213166,13.142901
Jose Miguel Carrera,3.0,13.185240,12.531745,13.328936,13.629951
Las Rosas,3.0,12.843857,12.367254,13.213166,13.142901
Piloto Pardo,3.0,12.843857,12.462960,13.213166,13.142901
Porvenir,3.0,12.526194,12.180098,12.898525,12.694040
Textil Viña,3.0,12.511467,12.418491,13.015633,12.812460
21 de Mayo,3.0,12.869611,12.557767,13.047548,13.152924
Barros Arana,3.0,12.954419,12.635849,13.156399,13.555163
La Granja,3.0,12.628454,12.450920,12.868138,12.484051
Las Viñas,3.0,12.628454,12.450920,12.868138,12.484051
Los Estanques,3.0,12.628454,12.450920,12.868138,12.484051
Mena,3.0,12.752397,12.484904,12.866919,12.888411
Pedro Montt,3.0,12.869611,12.557767,13.047548,13.152924
Victoria Oriente,3.0,12.752397,12.484904,12.866919,12.888411
Victoria Poniente,3.0,12.752397,12.484904,12.866919,12.888411
Villa Olimpica,3.0,12.628454,12.450920,12.868138,12.484051
Araya,3.0,12.852897,12.367254,13.221945,13.160459
Arturo Prat,3.0,12.954419,12.635849,13.156399,13.555163
Blanco,3.0,13.084837,12.565867,13.361695,13.577545
Centro,3.0,12.954419,12.635849,13.156399,13.555163
Colina de Oro,3.0,12.547044,12.357736,12.670112,12.699715
El Esfuerzo,3.0,12.843857,12.367254,13.213166,13.142901
Emparte,3.0,12.954419,12.635849,13.156399,13.555163
Esmeralda,3.0,12.937627,12.488481,13.351587,13.369002
Liceo,3.0,13.039528,12.565867,13.264227,13.566354
Poblacion Esperanza,3.0,12.705036,12.411096,13.266909,13.160459
Poblacion Ferroviaria,3.0,13.185240,12.531745,13.328936,13.629951
R. Sotomayor,3.0,12.705036,12.411096,13.266909,13.160459
San Cristobal2,3.0,12.547044,12.386559,12.931271,12.812460
Sol del Pacifico,3.0,12.511467,12.418491,13.015633,12.812460
Soublete (Francisco Bilbao),3.0,13.084837,12.565867,13.361695,13.577545
Thompson,3.0,13.084837,12.565867,13.361695,13.577545
M. Mena,3.0,12.786173,12.555856,12.845854,12.740810
Manuel Rodriguez,3.0,12.786173,12.555856,12.845854,12.740810
No Organizada,3.0,12.555660,12.368282,12.696603,12.220252
Pompeya Norte,3.0,12.786173,12.555856,12.845854,12.740810
Pompeya Sur,3.0,12.786173,12.555856,12.845854,12.740810
Valencia Alto,3.0,12.804568,12.566574,12.876924,13.222380
Costa Sol,3.0,12.704167,12.571567,12.775940,12.670167
California,3.0,13.251980,12.658456,13.535851,13.583468
Camilo Henriquez,3.0,13.128892,12.690879,13.355230,13.482780
El Bosque,3.0,13.008241,12.672162,13.349564,13.482780
El Sol,3.0,13.128892,12.690879,13.355230,13.482780
General Baquedano,3.0,13.084837,12.565867,13.361695,13.577545
Infante,3.0,12.954419,12.635849,13.156399,13.555163
Lo Gamboa,3.0,13.185240,12.531745,13.328936,13.629951
Los Espinos,3.0,13.128892,12.690879,13.355230,13.482780
Retiro,3.0,12.964772,12.837987,13.270023,13.323697
Viñas del Sol,3.0,13.251980,12.658456,13.535851,13.583468
Buenos Aires,3.0,12.869611,12.557767,13.047548,13.152924
Casa de Valencia,3.0,12.732446,12.549858,12.819523,12.670167
Hevia,3.0,12.804568,12.566574,12.876924,13.222380
Humbolt,3.0,12.869611,12.557767,13.047548,13.152924
Phillips,3.0,12.837266,12.566574,12.878199,13.152924
Poblacion Argentina,3.0,12.638283,12.481198,12.757883,12.670167
Poblacion Canal Chacao,3.0,12.546381,12.487731,12.626553,12.459150
San Gregorio,3.0,12.638283,12.481198,12.757883,12.670167
Valencia Bajo,3.0,12.804568,12.566574,12.876924,13.222380
Villa Paso Hondo,3.0,12.722835,12.456182,12.871495,12.453871
Calicheros,4.0,14.589740,14.026934,15.416489,14.022733
Belloto 2000,4.0,15.557249,15.057433,16.187211,15.091546
Belloto Centro,4.0,15.557249,15.057433,16.187211,15.091546
Bernando Ohiggins,4.0,15.572922,15.246931,16.198686,15.351093
Cruz del Sur,4.0,15.460035,15.170156,16.198686,15.335644
82,4.0,15.464659,15.026015,16.038444,15.091546
Belloto Norte,4.0,15.437489,15.211275,16.137881,15.418823
E.E.U.U,4.0,15.437489,15.186867,16.111525,15.418823
Lincoyan,4.0,15.396586,15.140471,16.137881,15.335644
Los Colonos,4.0,15.535885,14.938005,16.175119,15.183376
Patricio Lynch,4.0,15.394325,15.184894,16.134028,15.252465
Santa Marta,4.0,15.248762,15.138490,16.026332,15.222863
Cantera,4.0,15.427722,14.998241,16.041222,14.973162
Decimo Sector,4.0,15.427722,14.998241,16.184498,14.973162
Estero Viejo,4.0,15.572922,15.246931,16.198686,15.351093
Matilde,4.0,15.219200,14.834189,15.777701,14.785301
San Cristobal,4.0,15.427722,14.998241,16.161580,14.973162
Tierras Rojas,4.0,15.643465,15.186266,16.237560,15.229763
Decimo Sector,4.0,15.427722,14.998241,16.184498,14.973162
Matilde,4.0,15.219200,14.834189,15.777701,14.785301
Los Pinos,4.0,14.698199,14.481933,15.188780,14.022733
Marga Marga,4.0,14.715786,14.697969,15.130256,14.701315
60,4.0,15.407184,14.992753,15.777701,14.962186
Castillo Blanco,4.0,15.643465,15.186266,16.237560,15.229763
El Tranque,4.0,15.414116,14.898849,15.659746,14.563268
Jose Miguel Carrera,4.0,15.472960,14.939460,15.925644,14.832529
Las Rosas,4.0,15.414116,14.898849,15.659746,14.563268
Piloto Pardo,4.0,15.412284,14.900119,15.645297,14.625542
Porvenir,4.0,14.921688,14.772823,15.326770,14.962186
Textil Viña,4.0,14.893411,14.766371,15.344777,14.625542
21 de Mayo,4.0,14.929405,14.697544,15.417397,14.516884
Barros Arana,4.0,14.965365,14.776976,15.721152,14.821167
La Granja,4.0,14.767083,14.409070,15.453058,14.206105
Las Viñas,4.0,14.767083,14.409070,15.453058,14.206105
Los Estanques,4.0,14.767083,14.409070,15.453058,14.206105
Mena,4.0,14.955678,14.578914,15.672712,14.056102
Pedro Montt,4.0,14.892807,14.624835,15.475136,14.516884
Victoria Oriente,4.0,14.955678,14.578914,15.672712,14.056102
Victoria Poniente,4.0,14.955678,14.578914,15.672712,14.056102
Villa Olimpica,4.0,14.767083,14.409070,15.453058,14.206105
Araya,4.0,15.252905,14.898849,15.548972,14.742333
Arturo Prat,4.0,14.965365,14.776976,15.721152,14.821167
Blanco,4.0,15.068422,14.957023,15.826415,14.800943
Centro,4.0,14.965365,14.776976,15.721152,14.821167
Colina de Oro,4.0,14.791130,14.365911,15.368603,14.022733
El Esfuerzo,4.0,15.414116,14.898849,15.659746,14.563268
Emparte,4.0,14.965365,14.776976,15.721152,14.821167
Esmeralda,4.0,15.057491,14.856950,15.666739,14.771638
Liceo,4.0,15.057491,14.856950,15.773783,14.800943
Poblacion Esperanza,4.0,15.046561,14.758355,15.507064,14.742333
Poblacion Ferroviaria,4.0,15.472960,14.939460,15.925644,14.832529
R. Sotomayor,4.0,15.046561,14.758355,15.507064,14.742333
San Cristobal2,4.0,14.869652,14.542612,15.295383,14.022733
Sol del Pacifico,4.0,14.893411,14.766371,15.344777,14.625542
Soublete (Francisco Bilbao),4.0,15.068422,14.957023,15.826415,14.800943
Thompson,4.0,15.068422,14.957023,15.826415,14.800943
M. Mena,4.0,14.772323,13.917250,15.261159,14.206105
Manuel Rodriguez,4.0,14.772323,13.917250,15.261159,14.206105
No Organizada,4.0,14.199274,13.730908,15.183637,14.022733
Pompeya Norte,4.0,14.772323,13.917250,15.261159,14.206105
Pompeya Sur,4.0,14.772323,13.917250,15.261159,14.206105
Valencia Alto,4.0,14.748091,14.453947,15.519852,14.500691
Costa Sol,4.0,14.736487,13.930920,15.267679,14.233444
California,4.0,15.562417,14.938005,16.038444,15.183376
Camilo Henriquez,4.0,15.384728,14.906634,15.987467,14.851934
El Bosque,4.0,15.518925,14.781510,15.987467,14.560799
El Sol,4.0,15.384728,14.906634,15.987467,14.851934
General Baquedano,4.0,15.068422,14.957023,15.826415,14.800943
Infante,4.0,14.965365,14.776976,15.721152,14.821167
Lo Gamboa,4.0,15.472960,14.939460,15.925644,14.832529
Los Espinos,4.0,15.384728,14.906634,15.987467,14.851934
Retiro,4.0,15.200941,14.781510,15.761399,14.289378
Viñas del Sol,4.0,15.562417,14.938005,16.038444,15.183376
Buenos Aires,4.0,14.929405,14.697544,15.417397,14.516884
Casa de Valencia,4.0,14.604584,14.174914,15.530891,14.248174
Hevia,4.0,14.748091,14.453947,15.519852,14.500691
Humbolt,4.0,14.929405,14.697544,15.417397,14.516884
Phillips,4.0,14.833805,14.453947,15.261159,14.500691
Poblacion Argentina,4.0,14.604584,13.938599,15.295067,14.233444
Poblacion Canal Chacao,4.0,14.449875,13.628756,15.326079,13.999042
San Gregorio,4.0,14.604584,13.938599,15.295067,14.233444
Valencia Bajo,4.0,14.748091,14.453947,15.519852,14.500691
Villa Paso Hondo,4.0,14.600895,14.174914,15.530891,14.248174
Calicheros,5.0,19.418628,15.212121,20.489916,-9999.000000
Belloto 2000,5.0,20.041040,16.904466,20.387612,-9999.000000
Belloto Centro,5.0,20.019365,16.904466,20.387612,-9999.000000
Bernando Ohiggins,5.0,19.814059,16.629295,20.797934,-9999.000000
Cruz del Sur,5.0,19.922117,16.823334,20.516862,-9999.000000
82,5.0,19.996029,16.904432,20.749428,-9999.000000
Belloto Norte,5.0,19.998646,17.123936,21.108831,-9999.000000
E.E.U.U,5.0,19.958981,17.123936,21.108831,-9999.000000
Lincoyan,5.0,19.922117,17.151888,20.041040,-9999.000000
Los Colonos,5.0,20.002516,16.951703,21.000991,-9999.000000
Patricio Lynch,5.0,20.022310,16.951703,20.893152,-9999.000000
Santa Marta,5.0,19.958981,17.520248,21.108831,-9999.000000
Cantera,5.0,19.731579,16.280910,20.124731,-9999.000000
Decimo Sector,5.0,19.520746,16.280910,19.922413,-9999.000000
Estero Viejo,5.0,19.814059,16.629295,20.797934,-9999.000000
Matilde,5.0,19.731579,16.280910,20.124731,-9999.000000
San Cristobal,5.0,19.520746,16.280910,19.922413,-9999.000000
Tierras Rojas,5.0,19.814059,16.575912,20.507779,-9999.000000
Decimo Sector,5.0,19.520746,16.280910,19.922413,-9999.000000
Matilde,5.0,19.731579,16.280910,20.124731,-9999.000000
Los Pinos,5.0,18.412608,15.377649,19.600616,-9999.000000
Marga Marga,5.0,18.137057,15.411665,19.600616,-9999.000000
60,5.0,19.520746,16.280910,19.922413,-9999.000000
Castillo Blanco,5.0,19.814059,16.575912,20.507779,-9999.000000
El Tranque,5.0,19.814059,16.575912,20.474733,-9999.000000
Jose Miguel Carrera,5.0,19.996029,16.904432,20.749428,-9999.000000
Las Rosas,5.0,19.814059,16.575912,20.474733,-9999.000000
Piloto Pardo,5.0,19.814059,16.575912,20.474733,-9999.000000
Porvenir,5.0,18.210090,15.985674,19.600616,-9999.000000
Textil Viña,5.0,19.793778,16.093252,20.217623,-9999.000000
21 de Mayo,5.0,20.118392,17.378263,20.420205,-9999.000000
Barros Arana,5.0,19.713307,17.364218,20.420205,-9999.000000
La Granja,5.0,19.766917,15.280928,20.504030,-9999.000000
Las Viñas,5.0,19.766917,15.280928,20.504030,-9999.000000
Los Estanques,5.0,19.766917,15.280928,20.504030,-9999.000000
Mena,5.0,19.594667,16.234154,20.096350,-9999.000000
Pedro Montt,5.0,19.996029,17.364218,20.420205,-9999.000000
Victoria Oriente,5.0,19.594667,16.234154,20.096350,-9999.000000
Victoria Poniente,5.0,19.594667,16.234154,20.096350,-9999.000000
Villa Olimpica,5.0,19.766917,15.280928,20.504030,-9999.000000
Araya,5.0,19.814059,16.575912,20.039869,-9999.000000
Arturo Prat,5.0,19.713307,17.364218,20.420205,-9999.000000
Blanco,5.0,20.039869,16.671222,20.858383,-9999.000000
Centro,5.0,19.713307,17.364218,20.420205,-9999.000000
Colina de Oro,5.0,19.480749,15.377649,19.986884,-9999.000000
El Esfuerzo,5.0,19.814059,16.575912,20.474733,-9999.000000
Emparte,5.0,19.713307,17.364218,20.420205,-9999.000000
Esmeralda,5.0,19.894426,16.581106,20.294981,-9999.000000
Liceo,5.0,19.894426,16.671222,20.639294,-9999.000000
Poblacion Esperanza,5.0,19.731579,16.575912,19.986884,-9999.000000
Poblacion Ferroviaria,5.0,19.996029,16.904432,20.749428,-9999.000000
R. Sotomayor,5.0,19.731579,16.575912,19.986884,-9999.000000
San Cristobal2,5.0,19.678227,16.219281,19.999633,-9999.000000
Sol del Pacifico,5.0,19.793778,16.093252,20.217623,-9999.000000
Soublete (Francisco Bilbao),5.0,20.039869,16.671222,20.858383,-9999.000000
Thompson,5.0,20.039869,16.671222,20.858383,-9999.000000
M. Mena,5.0,19.594667,15.567258,20.504030,-9999.000000
Manuel Rodriguez,5.0,19.594667,15.567258,20.504030,-9999.000000
No Organizada,5.0,19.064288,15.954595,20.103993,-9999.000000
Pompeya Norte,5.0,19.594667,15.567258,20.504030,-9999.000000
Pompeya Sur,5.0,19.594667,15.567258,20.504030,-9999.000000
Valencia Alto,5.0,19.893191,15.988096,20.185311,-9999.000000
Costa Sol,5.0,19.253000,16.325953,20.103993,-9999.000000
California,5.0,20.002516,17.190624,21.000991,-9999.000000
Camilo Henriquez,5.0,19.599824,16.352710,21.000991,-9999.000000
El Bosque,5.0,19.599824,16.352710,21.000991,-9999.000000
El Sol,5.0,19.599824,16.352710,21.000991,-9999.000000
General Baquedano,5.0,20.039869,16.671222,20.858383,-9999.000000
Infante,5.0,19.713307,17.364218,20.420205,-9999.000000
Lo Gamboa,5.0,19.996029,16.904432,20.749428,-9999.000000
Los Espinos,5.0,19.599824,16.352710,21.000991,-9999.000000
Retiro,5.0,19.299643,16.990841,20.420205,-9999.000000
Viñas del Sol,5.0,20.002516,17.190624,21.000991,-9999.000000
Buenos Aires,5.0,20.118392,17.378263,20.420205,-9999.000000
Casa de Valencia,5.0,19.808105,16.886743,20.374594,-9999.000000
Hevia,5.0,19.893191,15.988096,20.185311,-9999.000000
Humbolt,5.0,20.118392,17.378263,20.420205,-9999.000000
Phillips,5.0,19.967134,15.988096,20.185311,-9999.000000
Poblacion Argentina,5.0,19.253000,16.970530,20.374594,-9999.000000
Poblacion Canal Chacao,5.0,19.253000,16.802830,20.185311,-9999.000000
San Gregorio,5.0,19.253000,16.970530,20.374594,-9999.000000
Valencia Bajo,5.0,19.893191,15.988096,20.185311,-9999.000000
Villa Paso Hondo,5.0,19.808105,16.886743,20.374594,-9999.000000
Calicheros,6.0,19.768216,18.848426,23.352497,-9999.000000
Belloto 2000,6.0,23.456873,21.342690,25.617218,-9999.000000
Belloto Centro,6.0,23.456873,21.342690,25.617218,-9999.000000
Bernando Ohiggins,6.0,24.482583,20.168821,24.995581,-9999.000000
Cruz del Sur,6.0,24.482583,20.741439,26.909915,-9999.000000
82,6.0,23.352473,20.561206,24.324058,-9999.000000
Belloto Norte,6.0,24.152123,20.475195,26.502560,-9999.000000
E.E.U.U,6.0,24.152123,20.370615,26.502560,-9999.000000
Lincoyan,6.0,25.090695,20.741439,25.617218,-9999.000000
Los Colonos,6.0,23.041888,20.577060,24.324058,-9999.000000
Patricio Lynch,6.0,23.089656,20.475195,25.617218,-9999.000000
Santa Marta,6.0,23.089656,19.567021,24.285662,-9999.000000
Cantera,6.0,21.515948,18.517847,24.217947,-9999.000000
Decimo Sector,6.0,21.291300,18.493353,24.217947,-9999.000000
Estero Viejo,6.0,24.482583,20.168821,24.995581,-9999.000000
Matilde,6.0,21.515948,18.517847,23.266945,-9999.000000
San Cristobal,6.0,21.291300,18.493353,24.217947,-9999.000000
Tierras Rojas,6.0,21.688176,19.310568,25.026901,-9999.000000
Decimo Sector,6.0,21.291300,18.493353,24.217947,-9999.000000
Matilde,6.0,21.515948,18.517847,23.266945,-9999.000000
Los Pinos,6.0,19.098452,18.651813,21.959241,-9999.000000
Marga Marga,6.0,19.487894,18.366428,21.959241,-9999.000000
60,6.0,21.291300,18.493353,24.217947,-9999.000000
Castillo Blanco,6.0,21.688176,19.310568,25.026901,-9999.000000
El Tranque,6.0,21.688176,19.398025,24.732229,-9999.000000
Jose Miguel Carrera,6.0,23.352473,19.882083,24.321943,-9999.000000
Las Rosas,6.0,21.688176,19.398025,24.732229,-9999.000000
Piloto Pardo,6.0,21.688176,18.954024,24.439581,-9999.000000
Porvenir,6.0,19.714860,18.357997,22.221757,-9999.000000
Textil Viña,6.0,21.755578,18.643180,23.632158,-9999.000000
21 de Mayo,6.0,21.367033,18.882271,23.352497,-9999.000000
Barros Arana,6.0,23.089656,19.064600,24.319829,-9999.000000
La Granja,6.0,22.052181,19.156686,23.352497,-9999.000000
Las Viñas,6.0,22.052181,19.156686,23.352497,-9999.000000
Los Estanques,6.0,22.052181,19.156686,23.352497,-9999.000000
Mena,6.0,22.052181,19.038644,23.824090,-9999.000000
Pedro Montt,6.0,22.052181,19.064600,23.352497,-9999.000000
Victoria Oriente,6.0,22.052181,19.038644,23.824090,-9999.000000
Victoria Poniente,6.0,22.052181,19.038644,23.824090,-9999.000000
Villa Olimpica,6.0,22.052181,19.156686,23.352497,-9999.000000
Araya,6.0,21.529411,18.954024,24.732229,-9999.000000
Arturo Prat,6.0,23.089656,19.064600,24.319829,-9999.000000
Blanco,6.0,23.167559,19.064600,24.324058,-9999.000000
Centro,6.0,23.089656,19.064600,24.319829,-9999.000000
Colina de Oro,6.0,19.768216,18.848426,23.553514,-9999.000000
El Esfuerzo,6.0,21.688176,19.398025,24.732229,-9999.000000
Emparte,6.0,23.089656,19.064600,24.319829,-9999.000000
Esmeralda,6.0,22.348485,19.000674,24.846582,-9999.000000
Liceo,6.0,23.147451,19.064600,24.324058,-9999.000000
Poblacion Esperanza,6.0,21.529411,18.936747,25.369107,-9999.000000
Poblacion Ferroviaria,6.0,23.352473,19.882083,24.321943,-9999.000000
R. Sotomayor,6.0,21.529411,18.936747,25.369107,-9999.000000
San Cristobal2,6.0,20.806430,18.848426,23.553514,-9999.000000
Sol del Pacifico,6.0,21.755578,18.643180,23.632158,-9999.000000
Soublete (Francisco Bilbao),6.0,23.167559,19.064600,24.324058,-9999.000000
Thompson,6.0,23.167559,19.064600,24.324058,-9999.000000
M. Mena,6.0,21.644060,19.157899,22.052181,-9999.000000
Manuel Rodriguez,6.0,21.644060,19.157899,22.052181,-9999.000000
No Organizada,6.0,21.409063,18.998755,22.963694,-9999.000000
Pompeya Norte,6.0,21.644060,19.157899,22.052181,-9999.000000
Pompeya Sur,6.0,21.644060,19.157899,22.052181,-9999.000000
Valencia Alto,6.0,21.374277,19.157899,23.315193,-9999.000000
Costa Sol,6.0,21.761495,19.157899,22.963694,-9999.000000
California,6.0,23.041888,20.561206,24.324058,-9999.000000
Camilo Henriquez,6.0,22.052181,19.973861,24.382603,-9999.000000
El Bosque,6.0,22.052181,19.615902,23.908425,-9999.000000
El Sol,6.0,22.052181,19.973861,24.382603,-9999.000000
General Baquedano,6.0,23.167559,19.064600,24.324058,-9999.000000
Infante,6.0,23.089656,19.064600,24.319829,-9999.000000
Lo Gamboa,6.0,23.352473,19.882083,24.321943,-9999.000000
Los Espinos,6.0,22.052181,19.973861,24.382603,-9999.000000
Retiro,6.0,22.052181,18.599380,23.908425,-9999.000000
Viñas del Sol,6.0,23.041888,20.561206,24.324058,-9999.000000
Buenos Aires,6.0,21.367033,18.882271,23.352497,-9999.000000
Casa de Valencia,6.0,21.384728,18.672602,21.626884,-9999.000000
Hevia,6.0,21.374277,19.157899,23.315193,-9999.000000
Humbolt,6.0,21.367033,18.882271,23.352497,-9999.000000
Phillips,6.0,21.374277,19.157899,23.315193,-9999.000000
Poblacion Argentina,6.0,21.374277,18.672602,22.946577,-9999.000000
Poblacion Canal Chacao,6.0,21.374277,19.157899,22.946577,-9999.000000
San Gregorio,6.0,21.374277,18.672602,22.946577,-9999.000000
Valencia Bajo,6.0,21.374277,19.157899,23.315193,-9999.000000
Villa Paso Hondo,6.0,20.390282,18.599380,22.052181,-9999.000000
Calicheros,7.0,20.811603,18.762086,26.178036,-9999.000000
Belloto 2000,7.0,23.625727,20.305605,27.350366,-9999.000000
Belloto Centro,7.0,23.625727,20.467981,27.350366,-9999.000000
Bernando Ohiggins,7.0,24.192895,19.272412,26.996594,-9999.000000
Cruz del Sur,7.0,24.192895,19.375520,26.996594,-9999.000000
82,7.0,23.625727,20.121988,27.419710,-9999.000000
Belloto Norte,7.0,24.490746,20.233533,26.996594,-9999.000000
E.E.U.U,7.0,24.490746,20.121988,26.996594,-9999.000000
Lincoyan,7.0,24.192895,20.305605,26.996594,-9999.000000
Los Colonos,7.0,23.074165,19.913622,26.996594,-9999.000000
Patricio Lynch,7.0,24.064035,20.121988,26.996594,-9999.000000
Santa Marta,7.0,24.064035,19.455559,27.044125,-9999.000000
Cantera,7.0,23.671082,18.707563,27.247930,-9999.000000
Decimo Sector,7.0,22.771934,18.707563,27.026092,-9999.000000
Estero Viejo,7.0,24.192895,19.272412,26.996594,-9999.000000
Matilde,7.0,23.671082,18.707563,27.247930,-9999.000000
San Cristobal,7.0,22.771934,18.707563,26.996594,-9999.000000
Tierras Rojas,7.0,22.573407,19.615764,27.499266,-9999.000000
Decimo Sector,7.0,22.771934,18.707563,27.026092,-9999.000000
Matilde,7.0,23.671082,18.707563,27.247930,-9999.000000
Los Pinos,7.0,21.976507,17.528821,25.822181,-9999.000000
Marga Marga,7.0,22.458151,17.528821,24.041708,-9999.000000
60,7.0,22.771934,18.707563,27.026092,-9999.000000
Castillo Blanco,7.0,22.573407,19.615764,27.499266,-9999.000000
El Tranque,7.0,22.734031,19.804757,27.499266,-9999.000000
Jose Miguel Carrera,7.0,23.862492,20.121988,27.419710,-9999.000000
Las Rosas,7.0,22.734031,19.804757,27.499266,-9999.000000
Piloto Pardo,7.0,22.573407,19.615764,27.499266,-9999.000000
Porvenir,7.0,22.342895,17.728469,24.041708,-9999.000000
Textil Viña,7.0,23.208766,18.670388,26.618141,-9999.000000
21 de Mayo,7.0,23.344020,19.184496,26.736942,-9999.000000
Barros Arana,7.0,22.797377,19.393379,26.736942,-9999.000000
La Granja,7.0,22.168193,19.411110,26.614484,-9999.000000
Las Viñas,7.0,22.168193,19.411110,26.614484,-9999.000000
Los Estanques,7.0,22.168193,19.411110,26.614484,-9999.000000
Mena,7.0,22.874322,19.335619,26.776721,-9999.000000
Pedro Montt,7.0,22.536607,19.393379,26.736942,-9999.000000
Victoria Oriente,7.0,22.874322,19.335619,26.776721,-9999.000000
Victoria Poniente,7.0,22.874322,19.335619,26.776721,-9999.000000
Villa Olimpica,7.0,22.168193,19.411110,26.614484,-9999.000000
Araya,7.0,22.951462,19.804757,27.419710,-9999.000000
Arturo Prat,7.0,22.797377,19.393379,26.736942,-9999.000000
Blanco,7.0,23.244540,19.795080,26.243280,-9999.000000
Centro,7.0,22.797377,19.393379,26.736942,-9999.000000
Colina de Oro,7.0,21.760486,18.513572,26.178036,-9999.000000
El Esfuerzo,7.0,22.734031,19.804757,27.499266,-9999.000000
Emparte,7.0,22.797377,19.393379,26.736942,-9999.000000
Esmeralda,7.0,23.145732,19.795080,26.180452,-9999.000000
Liceo,7.0,23.145732,19.795080,26.243280,-9999.000000
Poblacion Esperanza,7.0,22.951462,19.795080,26.117624,-9999.000000
Poblacion Ferroviaria,7.0,23.862492,20.121988,27.419710,-9999.000000
R. Sotomayor,7.0,22.951462,19.795080,26.117624,-9999.000000
San Cristobal2,7.0,21.976507,18.513572,26.178036,-9999.000000
Sol del Pacifico,7.0,23.208766,18.670388,26.618141,-9999.000000
Soublete (Francisco Bilbao),7.0,23.244540,19.795080,26.243280,-9999.000000
Thompson,7.0,23.244540,19.795080,26.243280,-9999.000000
M. Mena,7.0,22.168193,19.428469,26.428374,-9999.000000
Manuel Rodriguez,7.0,22.168193,19.428469,26.428374,-9999.000000
No Organizada,7.0,21.356458,18.412138,26.054175,-9999.000000
Pompeya Norte,7.0,22.168193,19.428469,26.428374,-9999.000000
Pompeya Sur,7.0,22.168193,19.428469,26.428374,-9999.000000
Valencia Alto,7.0,22.706053,19.413499,26.428374,-9999.000000
Costa Sol,7.0,21.356458,18.806452,26.054175,-9999.000000
California,7.0,23.057370,19.913622,27.419710,-9999.000000
Camilo Henriquez,7.0,23.057370,19.473996,27.172635,-9999.000000
El Bosque,7.0,22.840603,19.428469,27.165588,-9999.000000
El Sol,7.0,23.057370,19.473996,27.172635,-9999.000000
General Baquedano,7.0,23.244540,19.795080,26.243280,-9999.000000
Infante,7.0,22.797377,19.393379,26.736942,-9999.000000
Lo Gamboa,7.0,23.862492,20.121988,27.419710,-9999.000000
Los Espinos,7.0,23.057370,19.473996,27.172635,-9999.000000
Retiro,7.0,22.623835,19.428469,27.165588,-9999.000000
Viñas del Sol,7.0,23.057370,19.913622,27.419710,-9999.000000
Buenos Aires,7.0,23.344020,19.184496,26.736942,-9999.000000
Casa de Valencia,7.0,22.494964,18.887542,26.062394,-9999.000000
Hevia,7.0,22.706053,19.413499,26.428374,-9999.000000
Humbolt,7.0,23.344020,19.184496,26.736942,-9999.000000
Phillips,7.0,22.706053,19.413499,26.428374,-9999.000000
Poblacion Argentina,7.0,21.467889,18.806452,26.054175,-9999.000000
Poblacion Canal Chacao,7.0,21.467889,18.511131,24.659871,-9999.000000
San Gregorio,7.0,21.467889,18.806452,26.054175,-9999.000000
Valencia Bajo,7.0,22.706053,19.413499,26.428374,-9999.000000
Villa Paso Hondo,7.0,22.494964,18.887542,26.062394,-9999.000000
Calicheros,8.0,16.530204,14.078564,17.705955,-9999.000000
Belloto 2000,8.0,16.655460,15.461802,19.019576,-9999.000000
Belloto Centro,8.0,16.778254,15.544643,19.019576,-9999.000000
Bernando Ohiggins,8.0,16.641717,15.461802,19.282913,-9999.000000
Cruz del Sur,8.0,16.641717,15.461802,19.473408,-9999.000000
82,8.0,16.392214,14.779825,18.995910,-9999.000000
Belloto Norte,8.0,16.693035,16.187094,18.930333,-9999.000000
E.E.U.U,8.0,16.878147,16.187094,18.930333,-9999.000000
Lincoyan,8.0,16.655460,15.445354,19.473408,-9999.000000
Los Colonos,8.0,16.146767,14.779825,18.872824,-9999.000000
Patricio Lynch,8.0,16.442111,15.343911,18.896569,-9999.000000
Santa Marta,8.0,17.140569,16.032394,18.896569,-9999.000000
Cantera,8.0,16.264716,15.084196,19.019576,-9999.000000
Decimo Sector,8.0,16.131917,15.613682,18.871024,-9999.000000
Estero Viejo,8.0,16.641717,15.461802,19.282913,-9999.000000
Matilde,8.0,16.264716,14.914268,19.019576,-9999.000000
San Cristobal,8.0,16.131917,15.613682,18.871024,-9999.000000
Tierras Rojas,8.0,16.810371,15.106873,19.247377,-9999.000000
Decimo Sector,8.0,16.131917,15.613682,18.871024,-9999.000000
Matilde,8.0,16.264716,14.914268,19.019576,-9999.000000
Los Pinos,8.0,16.531214,14.196370,18.478743,-9999.000000
Marga Marga,8.0,16.404483,14.724001,17.701788,-9999.000000
60,8.0,16.064383,15.015601,18.871024,-9999.000000
Castillo Blanco,8.0,16.810371,15.106873,19.247377,-9999.000000
El Tranque,8.0,16.758049,14.496451,19.019576,-9999.000000
Jose Miguel Carrera,8.0,16.392214,14.679619,18.995910,-9999.000000
Las Rosas,8.0,16.758049,14.496451,19.019576,-9999.000000
Piloto Pardo,8.0,16.758049,14.914268,19.019576,-9999.000000
Porvenir,8.0,16.132739,14.724001,17.955764,-9999.000000
Textil Viña,8.0,16.393838,14.914268,19.019576,-9999.000000
21 de Mayo,8.0,16.272786,14.103781,17.411199,-9999.000000
Barros Arana,8.0,16.530709,14.496451,18.495230,-9999.000000
La Granja,8.0,16.530709,14.138431,17.416795,-9999.000000
Las Viñas,8.0,16.530709,14.138431,17.416795,-9999.000000
Los Estanques,8.0,16.530709,14.138431,17.416795,-9999.000000
Mena,8.0,16.257850,14.124558,18.335150,-9999.000000
Pedro Montt,8.0,16.530709,14.496451,17.416795,-9999.000000
Victoria Oriente,8.0,16.257850,14.124558,18.335150,-9999.000000
Victoria Poniente,8.0,16.257850,14.124558,18.335150,-9999.000000
Villa Olimpica,8.0,16.530709,14.138431,17.416795,-9999.000000
Araya,8.0,16.758049,14.488537,19.019576,-9999.000000
Arturo Prat,8.0,16.530709,14.496451,18.495230,-9999.000000
Blanco,8.0,16.499775,14.496451,18.921864,-9999.000000
Centro,8.0,16.530709,14.496451,18.495230,-9999.000000
Colina de Oro,8.0,16.531214,14.137634,18.478743,-9999.000000
El Esfuerzo,8.0,16.758049,14.496451,19.019576,-9999.000000
Emparte,8.0,16.530709,14.496451,18.495230,-9999.000000
Esmeralda,8.0,16.629121,14.496451,18.970720,-9999.000000
Liceo,8.0,16.515242,14.496451,18.921864,-9999.000000
Poblacion Esperanza,8.0,16.758466,14.424815,19.019576,-9999.000000
Poblacion Ferroviaria,8.0,16.392214,14.679619,18.995910,-9999.000000
R. Sotomayor,8.0,16.758466,14.424815,19.019576,-9999.000000
San Cristobal2,8.0,16.722934,14.137634,19.009734,-9999.000000
Sol del Pacifico,8.0,16.393838,14.914268,19.019576,-9999.000000
Soublete (Francisco Bilbao),8.0,16.499775,14.496451,18.921864,-9999.000000
Thompson,8.0,16.499775,14.496451,18.921864,-9999.000000
M. Mena,8.0,16.304587,14.226948,17.331758,-9999.000000
Manuel Rodriguez,8.0,16.304587,14.226948,17.331758,-9999.000000
No Organizada,8.0,16.254224,14.135604,17.298140,-9999.000000
Pompeya Norte,8.0,16.304587,14.226948,17.331758,-9999.000000
Pompeya Sur,8.0,16.304587,14.226948,17.331758,-9999.000000
Valencia Alto,8.0,16.254224,14.282361,17.309511,-9999.000000
Costa Sol,8.0,16.254224,14.226948,17.298140,-9999.000000
California,8.0,16.349852,14.779825,18.872824,-9999.000000
Camilo Henriquez,8.0,16.340443,14.707999,18.644393,-9999.000000
El Bosque,8.0,16.340443,14.762129,18.430490,-9999.000000
El Sol,8.0,16.340443,14.707999,18.644393,-9999.000000
General Baquedano,8.0,16.499775,14.496451,18.921864,-9999.000000
Infante,8.0,16.530709,14.496451,18.495230,-9999.000000
Lo Gamboa,8.0,16.392214,14.679619,18.995910,-9999.000000
Los Espinos,8.0,16.340443,14.707999,18.644393,-9999.000000
Retiro,8.0,15.884920,14.762129,18.430490,-9999.000000
Viñas del Sol,8.0,16.349852,14.779825,18.872824,-9999.000000
Buenos Aires,8.0,16.272786,14.103781,17.411199,-9999.000000
Casa de Valencia,8.0,16.252312,14.309140,17.401743,-9999.000000
Hevia,8.0,16.254224,14.282361,17.309511,-9999.000000
Humbolt,8.0,16.272786,14.103781,17.411199,-9999.000000
Phillips,8.0,16.272786,14.226948,17.331758,-9999.000000
Poblacion Argentina,8.0,16.254224,14.309140,17.164633,-9999.000000
Poblacion Canal Chacao,8.0,16.254224,14.309140,16.992455,-9999.000000
San Gregorio,8.0,16.254224,14.309140,17.164633,-9999.000000
Valencia Bajo,8.0,16.254224,14.282361,17.309511,-9999.000000
Villa Paso Hondo,8.0,16.252312,14.309140,17.401743,-9999.000000
Calicheros,9.0,13.219883,12.223240,14.329541,-9999.000000
Belloto 2000,9.0,14.506212,13.343579,15.300649,-9999.000000
Belloto Centro,9.0,14.506212,13.343579,15.300649,-9999.000000
Bernando Ohiggins,9.0,14.385841,13.473994,15.300649,-9999.000000
Cruz del Sur,9.0,14.385885,13.473994,15.300649,-9999.000000
82,9.0,14.125871,13.213839,15.320509,-9999.000000
Belloto Norte,9.0,14.392331,12.827665,15.663053,-9999.000000
E.E.U.U,9.0,14.544819,13.457616,15.493177,-9999.000000
Lincoyan,9.0,14.510382,13.343579,15.267339,-9999.000000
Los Colonos,9.0,14.235269,12.727574,14.991360,-9999.000000
Patricio Lynch,9.0,14.544819,12.816236,15.544281,-9999.000000
Santa Marta,9.0,14.544819,13.491520,14.956911,-9999.000000
Cantera,9.0,14.112949,13.343579,15.027797,-9999.000000
Decimo Sector,9.0,14.112949,13.343579,15.027797,-9999.000000
Estero Viejo,9.0,14.385841,13.473994,15.300649,-9999.000000
Matilde,9.0,14.059539,13.338596,14.798040,-9999.000000
San Cristobal,9.0,14.120670,13.343579,15.027797,-9999.000000
Tierras Rojas,9.0,14.191849,13.473994,15.300649,-9999.000000
Decimo Sector,9.0,14.112949,13.343579,15.027797,-9999.000000
Matilde,9.0,14.059539,13.338596,14.798040,-9999.000000
Los Pinos,9.0,13.815798,12.223240,14.435435,-9999.000000
Marga Marga,9.0,13.845153,12.223240,14.247100,-9999.000000
60,9.0,14.112949,13.343579,14.798040,-9999.000000
Castillo Blanco,9.0,14.191849,13.473994,15.300649,-9999.000000
El Tranque,9.0,14.125871,13.343579,15.266540,-9999.000000
Jose Miguel Carrera,9.0,14.125871,13.213839,15.320509,-9999.000000
Las Rosas,9.0,14.125871,13.343579,15.266540,-9999.000000
Piloto Pardo,9.0,14.126032,13.343579,15.266540,-9999.000000
Porvenir,9.0,14.042184,12.677473,14.214431,-9999.000000
Textil Viña,9.0,14.126192,13.179578,14.798040,-9999.000000
21 de Mayo,9.0,13.921541,12.524460,14.546883,-9999.000000
Barros Arana,9.0,14.411254,12.590504,14.642071,-9999.000000
La Granja,9.0,13.920315,12.645571,14.696975,-9999.000000
Las Viñas,9.0,13.920315,12.645571,14.696975,-9999.000000
Los Estanques,9.0,13.920315,12.645571,14.696975,-9999.000000
Mena,9.0,14.112890,13.028973,14.815095,-9999.000000
Pedro Montt,9.0,13.921541,12.590504,14.642071,-9999.000000
Victoria Oriente,9.0,14.112890,13.028973,14.815095,-9999.000000
Victoria Poniente,9.0,14.112890,13.028973,14.815095,-9999.000000
Villa Olimpica,9.0,13.920315,12.645571,14.696975,-9999.000000
Araya,9.0,14.125871,13.343579,15.266540,-9999.000000
Arturo Prat,9.0,14.411254,12.590504,14.642071,-9999.000000
Blanco,9.0,14.546883,12.777699,15.007658,-9999.000000
Centro,9.0,14.411254,12.590504,14.642071,-9999.000000
Colina de Oro,9.0,13.315905,13.009265,14.798040,-9999.000000
El Esfuerzo,9.0,14.125871,13.343579,15.266540,-9999.000000
Emparte,9.0,14.411254,12.590504,14.642071,-9999.000000
Esmeralda,9.0,14.315780,13.060639,15.266540,-9999.000000
Liceo,9.0,14.509756,12.777699,15.007658,-9999.000000
Poblacion Esperanza,9.0,14.125871,13.343579,15.266539,-9999.000000
Poblacion Ferroviaria,9.0,14.125871,13.213839,15.320509,-9999.000000
R. Sotomayor,9.0,14.125871,13.343579,15.266539,-9999.000000
San Cristobal2,9.0,13.815798,13.343579,14.798040,-9999.000000
Sol del Pacifico,9.0,14.126192,13.179578,14.798040,-9999.000000
Soublete (Francisco Bilbao),9.0,14.546883,12.777699,15.007658,-9999.000000
Thompson,9.0,14.546883,12.777699,15.007658,-9999.000000
M. Mena,9.0,13.488818,12.137330,14.037083,-9999.000000
Manuel Rodriguez,9.0,13.488818,12.137330,14.037083,-9999.000000
No Organizada,9.0,12.984393,12.137330,13.488688,-9999.000000
Pompeya Norte,9.0,13.488818,12.137330,14.037083,-9999.000000
Pompeya Sur,9.0,13.488818,12.137330,14.037083,-9999.000000
Valencia Alto,9.0,13.487530,12.264931,14.546883,-9999.000000
Costa Sol,9.0,13.329176,12.160497,14.037083,-9999.000000
California,9.0,14.453677,12.721558,14.991360,-9999.000000
Camilo Henriquez,9.0,14.239470,12.671782,14.718084,-9999.000000
El Bosque,9.0,14.178974,12.577117,14.546883,-9999.000000
El Sol,9.0,14.239470,12.671782,14.718084,-9999.000000
General Baquedano,9.0,14.546883,12.777699,15.007658,-9999.000000
Infante,9.0,14.411254,12.590504,14.642071,-9999.000000
Lo Gamboa,9.0,14.125871,13.213839,15.320509,-9999.000000
Los Espinos,9.0,14.239470,12.671782,14.718084,-9999.000000
Retiro,9.0,13.826306,12.538210,14.546883,-9999.000000
Viñas del Sol,9.0,14.453677,12.721558,14.991360,-9999.000000
Buenos Aires,9.0,13.921541,12.524460,14.546883,-9999.000000
Casa de Valencia,9.0,13.329176,12.289831,14.344536,-9999.000000
Hevia,9.0,13.487530,12.264931,14.546883,-9999.000000
Humbolt,9.0,13.921541,12.524460,14.546883,-9999.000000
Phillips,9.0,13.488818,12.264931,14.546883,-9999.000000
Poblacion Argentina,9.0,13.329176,12.160497,14.546883,-9999.000000
Poblacion Canal Chacao,9.0,13.297699,12.078503,14.162910,-9999.000000
San Gregorio,9.0,13.329176,12.160497,14.546883,-9999.000000
Valencia Bajo,9.0,13.487530,12.264931,14.546883,-9999.000000
Villa Paso Hondo,9.0,13.245223,12.289831,14.224476,-9999.000000
Calicheros,10.0,12.116403,11.941809,12.533009,-9999.000000
Belloto 2000,10.0,12.810820,12.571564,13.611262,-9999.000000
Belloto Centro,10.0,12.810820,12.603924,13.719805,-9999.000000
Bernando Ohiggins,10.0,12.772140,12.527076,12.968116,-9999.000000
Cruz del Sur,10.0,12.772140,12.527076,12.973772,-9999.000000
82,10.0,12.763407,12.573934,13.469350,-9999.000000
Belloto Norte,10.0,12.888785,12.789351,13.451859,-9999.000000
E.E.U.U,10.0,12.823578,12.773432,13.451859,-9999.000000
Lincoyan,10.0,12.763407,12.571564,13.469350,-9999.000000
Los Colonos,10.0,12.763407,12.665602,13.561362,-9999.000000
Patricio Lynch,10.0,12.888785,12.710806,13.561362,-9999.000000
Santa Marta,10.0,12.823578,12.619688,13.572128,-9999.000000
Cantera,10.0,12.540836,12.506337,12.772140,-9999.000000
Decimo Sector,10.0,12.541632,12.463100,12.758294,-9999.000000
Estero Viejo,10.0,12.772140,12.527076,12.968116,-9999.000000
Matilde,10.0,12.540836,12.200068,12.772140,-9999.000000
San Cristobal,10.0,12.541632,12.463100,12.758294,-9999.000000
Tierras Rojas,10.0,12.540836,12.526934,13.232128,-9999.000000
Decimo Sector,10.0,12.541632,12.463100,12.758294,-9999.000000
Matilde,10.0,12.540836,12.200068,12.772140,-9999.000000
Los Pinos,10.0,12.171217,11.835291,12.421676,-9999.000000
Marga Marga,10.0,11.941783,11.835291,12.179019,-9999.000000
60,10.0,12.541632,12.463100,12.727330,-9999.000000
Castillo Blanco,10.0,12.540836,12.526934,13.232128,-9999.000000
El Tranque,10.0,12.730703,12.365277,13.051649,-9999.000000
Jose Miguel Carrera,10.0,12.763407,12.571676,13.074401,-9999.000000
Las Rosas,10.0,12.730703,12.365277,13.051649,-9999.000000
Piloto Pardo,10.0,12.540836,12.365277,13.051649,-9999.000000
Porvenir,10.0,11.955942,11.880034,12.444862,-9999.000000
Textil Viña,10.0,12.373276,11.931150,12.772140,-9999.000000
21 de Mayo,10.0,12.726514,12.571564,13.123454,-9999.000000
Barros Arana,10.0,12.627861,12.573934,13.352956,-9999.000000
La Granja,10.0,12.795157,12.305149,13.093441,-9999.000000
Las Viñas,10.0,12.795157,12.305149,13.093441,-9999.000000
Los Estanques,10.0,12.795157,12.305149,13.093441,-9999.000000
Mena,10.0,12.627861,12.202444,13.306245,-9999.000000
Pedro Montt,10.0,12.726514,12.571564,13.215074,-9999.000000
Victoria Oriente,10.0,12.627861,12.202444,13.306245,-9999.000000
Victoria Poniente,10.0,12.627861,12.202444,13.306245,-9999.000000
Villa Olimpica,10.0,12.795157,12.305149,13.093441,-9999.000000
Araya,10.0,12.763275,12.365277,13.051649,-9999.000000
Arturo Prat,10.0,12.627861,12.573934,13.352956,-9999.000000
Blanco,10.0,12.944210,12.573913,13.037599,-9999.000000
Centro,10.0,12.627861,12.573934,13.352956,-9999.000000
Colina de Oro,10.0,12.314249,11.964381,12.533009,-9999.000000
El Esfuerzo,10.0,12.730703,12.365277,13.051649,-9999.000000
Emparte,10.0,12.627861,12.573934,13.352956,-9999.000000
Esmeralda,10.0,12.848378,12.454459,13.196673,-9999.000000
Liceo,10.0,12.848378,12.573913,13.171922,-9999.000000
Poblacion Esperanza,10.0,12.751546,12.365277,13.355747,-9999.000000
Poblacion Ferroviaria,10.0,12.763407,12.571676,13.074401,-9999.000000
R. Sotomayor,10.0,12.751546,12.365277,13.355747,-9999.000000
San Cristobal2,10.0,12.345910,12.004067,12.772140,-9999.000000
Sol del Pacifico,10.0,12.373276,11.931150,12.772140,-9999.000000
Soublete (Francisco Bilbao),10.0,12.944210,12.573913,13.037599,-9999.000000
Thompson,10.0,12.944210,12.573913,13.037599,-9999.000000
M. Mena,10.0,12.664305,12.060443,13.031898,-9999.000000
Manuel Rodriguez,10.0,12.664305,12.060443,13.031898,-9999.000000
No Organizada,10.0,12.610891,11.949485,12.741852,-9999.000000
Pompeya Norte,10.0,12.664305,12.060443,13.031898,-9999.000000
Pompeya Sur,10.0,12.664305,12.060443,13.031898,-9999.000000
Valencia Alto,10.0,12.541699,12.357517,12.873264,-9999.000000
Costa Sol,10.0,12.832120,12.036331,12.881608,-9999.000000
California,10.0,12.749572,12.665602,13.487630,-9999.000000
Camilo Henriquez,10.0,12.763407,12.618639,13.131000,-9999.000000
El Bosque,10.0,12.763407,12.582237,13.131000,-9999.000000
El Sol,10.0,12.763407,12.618639,13.131000,-9999.000000
General Baquedano,10.0,12.944210,12.573913,13.037599,-9999.000000
Infante,10.0,12.627861,12.573934,13.352956,-9999.000000
Lo Gamboa,10.0,12.763407,12.571676,13.074401,-9999.000000
Los Espinos,10.0,12.763407,12.618639,13.131000,-9999.000000
Retiro,10.0,12.763407,12.531379,13.255418,-9999.000000
Viñas del Sol,10.0,12.749572,12.665602,13.487630,-9999.000000
Buenos Aires,10.0,12.726514,12.571564,13.123454,-9999.000000
Casa de Valencia,10.0,12.361663,12.160677,12.872597,-9999.000000
Hevia,10.0,12.541699,12.357517,12.873264,-9999.000000
Humbolt,10.0,12.726514,12.571564,13.123454,-9999.000000
Phillips,10.0,12.726514,12.357517,12.898008,-9999.000000
Poblacion Argentina,10.0,12.304749,12.091891,12.861790,-9999.000000
Poblacion Canal Chacao,10.0,12.304749,11.900616,12.686694,-9999.000000
San Gregorio,10.0,12.304749,12.091891,12.861790,-9999.000000
Valencia Bajo,10.0,12.541699,12.357517,12.873264,-9999.000000
Villa Paso Hondo,10.0,12.361663,12.160677,12.872597,-9999.000000
Calicheros,11.0,11.495665,11.077904,11.581253,-9999.000000
Belloto 2000,11.0,12.125255,11.642282,12.298554,-9999.000000
Belloto Centro,11.0,12.125255,11.642282,12.472121,-9999.000000
Bernando Ohiggins,11.0,11.723386,11.590894,11.859084,-9999.000000
Cruz del Sur,11.0,11.781568,11.663888,11.859084,-9999.000000
82,11.0,12.221875,11.796450,12.348445,-9999.000000
Belloto Norte,11.0,12.125255,11.848146,12.422485,-9999.000000
E.E.U.U,11.0,12.125255,11.787978,12.422485,-9999.000000
Lincoyan,11.0,11.874701,11.803566,12.169628,-9999.000000
Los Colonos,11.0,12.250605,11.836105,12.482231,-9999.000000
Patricio Lynch,11.0,12.125255,11.836105,12.616898,-9999.000000
Santa Marta,11.0,12.093675,11.649214,12.616898,-9999.000000
Cantera,11.0,11.582595,11.549101,11.718758,-9999.000000
Decimo Sector,11.0,11.561792,11.410026,11.859258,-9999.000000
Estero Viejo,11.0,11.723386,11.590894,11.859084,-9999.000000
Matilde,11.0,11.508920,11.421902,11.582595,-9999.000000
San Cristobal,11.0,11.561792,11.410026,11.859084,-9999.000000
Tierras Rojas,11.0,11.718758,11.590894,11.827710,-9999.000000
Decimo Sector,11.0,11.561792,11.410026,11.859258,-9999.000000
Matilde,11.0,11.508920,11.421902,11.582595,-9999.000000
Los Pinos,11.0,11.347338,11.291139,11.495665,-9999.000000
Marga Marga,11.0,11.310546,11.291139,11.495665,-9999.000000
60,11.0,11.549101,11.410026,11.682915,-9999.000000
Castillo Blanco,11.0,11.718758,11.590894,11.827710,-9999.000000
El Tranque,11.0,11.785939,11.572852,11.853562,-9999.000000
Jose Miguel Carrera,11.0,12.221875,11.796450,12.348445,-9999.000000
Las Rosas,11.0,11.785939,11.572852,11.853562,-9999.000000
Piloto Pardo,11.0,11.718758,11.572852,11.827710,-9999.000000
Porvenir,11.0,11.416570,11.269882,11.500098,-9999.000000
Textil Viña,11.0,11.500098,11.451839,11.561792,-9999.000000
21 de Mayo,11.0,11.736687,11.609434,11.952705,-9999.000000
Barros Arana,11.0,11.846438,11.776204,11.979581,-9999.000000
La Granja,11.0,11.663888,11.535895,11.778884,-9999.000000
Las Viñas,11.0,11.663888,11.535895,11.778884,-9999.000000
Los Estanques,11.0,11.663888,11.535895,11.778884,-9999.000000
Mena,11.0,11.582595,11.545348,11.708855,-9999.000000
Pedro Montt,11.0,11.736687,11.609434,11.962294,-9999.000000
Victoria Oriente,11.0,11.582595,11.545348,11.708855,-9999.000000
Victoria Poniente,11.0,11.582595,11.545348,11.708855,-9999.000000
Villa Olimpica,11.0,11.663888,11.535895,11.778884,-9999.000000
Araya,11.0,11.785939,11.625604,11.853562,-9999.000000
Arturo Prat,11.0,11.846438,11.776204,11.979581,-9999.000000
Blanco,11.0,11.889223,11.736687,12.210532,-9999.000000
Centro,11.0,11.846438,11.776204,11.979581,-9999.000000
Colina de Oro,11.0,11.488312,11.310478,11.505453,-9999.000000
El Esfuerzo,11.0,11.785939,11.572852,11.853562,-9999.000000
Emparte,11.0,11.846438,11.776204,11.979581,-9999.000000
Esmeralda,11.0,11.824254,11.681146,11.908843,-9999.000000
Liceo,11.0,11.889223,11.736687,12.095057,-9999.000000
Poblacion Esperanza,11.0,11.626321,11.607154,11.807963,-9999.000000
Poblacion Ferroviaria,11.0,12.221875,11.796450,12.348445,-9999.000000
R. Sotomayor,11.0,11.626321,11.607154,11.807963,-9999.000000
San Cristobal2,11.0,11.488312,11.316951,11.506472,-9999.000000
Sol del Pacifico,11.0,11.500098,11.451839,11.561792,-9999.000000
Soublete (Francisco Bilbao),11.0,11.889223,11.736687,12.210532,-9999.000000
Thompson,11.0,11.889223,11.736687,12.210532,-9999.000000
M. Mena,11.0,11.481614,11.448119,11.612185,-9999.000000
Manuel Rodriguez,11.0,11.481614,11.448119,11.612185,-9999.000000
No Organizada,11.0,11.415795,11.188451,11.612185,-9999.000000
Pompeya Norte,11.0,11.481614,11.448119,11.612185,-9999.000000
Pompeya Sur,11.0,11.481614,11.448119,11.612185,-9999.000000
Valencia Alto,11.0,11.612185,11.448119,11.853779,-9999.000000
Costa Sol,11.0,11.481614,11.316951,11.612185,-9999.000000
California,11.0,12.267638,11.828975,12.482231,-9999.000000
Camilo Henriquez,11.0,11.915349,11.828975,12.344728,-9999.000000
El Bosque,11.0,11.828975,11.753085,12.015353,-9999.000000
El Sol,11.0,11.915349,11.828975,12.344728,-9999.000000
General Baquedano,11.0,11.889223,11.736687,12.210532,-9999.000000
Infante,11.0,11.846438,11.776204,11.979581,-9999.000000
Lo Gamboa,11.0,12.221875,11.796450,12.348445,-9999.000000
Los Espinos,11.0,11.915349,11.828975,12.344728,-9999.000000
Retiro,11.0,11.827153,11.731109,12.015353,-9999.000000
Viñas del Sol,11.0,12.267638,11.828975,12.482231,-9999.000000
Buenos Aires,11.0,11.736687,11.609434,11.952705,-9999.000000
Casa de Valencia,11.0,11.578276,11.421486,11.618961,-9999.000000
Hevia,11.0,11.612185,11.448119,11.853779,-9999.000000
Humbolt,11.0,11.736687,11.609434,11.952705,-9999.000000
Phillips,11.0,11.612185,11.448119,11.829392,-9999.000000
Poblacion Argentina,11.0,11.578276,11.326215,11.618961,-9999.000000
Poblacion Canal Chacao,11.0,11.503611,11.160535,11.609434,-9999.000000
San Gregorio,11.0,11.578276,11.326215,11.618961,-9999.000000
Valencia Bajo,11.0,11.612185,11.448119,11.853779,-9999.000000
Villa Paso Hondo,11.0,11.455104,11.392163,11.609434,-9999.000000
Calicheros,12.0,11.317543,11.115611,11.453593,-9999.000000
Belloto 2000,12.0,11.900954,11.471177,12.016424,-9999.000000
Belloto Centro,12.0,11.900954,11.471177,12.016424,-9999.000000
Bernando Ohiggins,12.0,11.619065,11.421060,11.982039,-9999.000000
Cruz del Sur,12.0,11.707283,11.421060,12.016424,-9999.000000
82,12.0,11.914275,11.471177,11.942614,-9999.000000
Belloto Norte,12.0,11.836350,11.618791,12.065153,-9999.000000
E.E.U.U,12.0,11.780517,11.595458,12.065153,-9999.000000
Lincoyan,12.0,11.832173,11.648607,12.032775,-9999.000000
Los Colonos,12.0,11.863965,11.161030,11.904673,-9999.000000
Patricio Lynch,12.0,11.853706,11.542331,12.018043,-9999.000000
Santa Marta,12.0,11.796334,11.542331,11.908560,-9999.000000
Cantera,12.0,11.390617,11.284129,11.643183,-9999.000000
Decimo Sector,12.0,11.329472,11.309651,11.643183,-9999.000000
Estero Viejo,12.0,11.619065,11.421060,11.982039,-9999.000000
Matilde,12.0,11.390617,11.042585,11.490765,-9999.000000
San Cristobal,12.0,11.329472,11.309651,11.643183,-9999.000000
Tierras Rojas,12.0,11.629971,11.284129,11.851450,-9999.000000
Decimo Sector,12.0,11.329472,11.309651,11.643183,-9999.000000
Matilde,12.0,11.390617,11.042585,11.490765,-9999.000000
Los Pinos,12.0,11.204076,11.089071,11.399654,-9999.000000
Marga Marga,12.0,11.204076,10.859976,11.399654,-9999.000000
60,12.0,11.329472,11.042585,11.478282,-9999.000000
Castillo Blanco,12.0,11.629971,11.284129,11.851450,-9999.000000
El Tranque,12.0,11.503100,11.421060,11.862753,-9999.000000
Jose Miguel Carrera,12.0,11.721472,11.471177,11.933146,-9999.000000
Las Rosas,12.0,11.503100,11.421060,11.862753,-9999.000000
Piloto Pardo,12.0,11.520509,11.284129,11.777182,-9999.000000
Porvenir,12.0,11.203830,10.959425,11.390617,-9999.000000
Textil Viña,12.0,11.382040,11.146226,11.557656,-9999.000000
21 de Mayo,12.0,11.616300,11.241081,11.846264,-9999.000000
Barros Arana,12.0,11.627252,11.316992,11.894761,-9999.000000
La Granja,12.0,11.482831,11.155074,11.815353,-9999.000000
Las Viñas,12.0,11.482831,11.155074,11.815353,-9999.000000
Los Estanques,12.0,11.482831,11.155074,11.815353,-9999.000000
Mena,12.0,11.544406,11.187943,11.846134,-9999.000000
Pedro Montt,12.0,11.627252,11.241081,11.846264,-9999.000000
Victoria Oriente,12.0,11.544406,11.187943,11.846134,-9999.000000
Victoria Poniente,12.0,11.544406,11.187943,11.846134,-9999.000000
Villa Olimpica,12.0,11.482831,11.155074,11.815353,-9999.000000
Araya,12.0,11.503100,11.421060,11.894323,-9999.000000
Arturo Prat,12.0,11.627252,11.316992,11.894761,-9999.000000
Blanco,12.0,11.547238,11.421060,11.894323,-9999.000000
Centro,12.0,11.627252,11.316992,11.894761,-9999.000000
Colina de Oro,12.0,11.367767,11.174253,11.557697,-9999.000000
El Esfuerzo,12.0,11.503100,11.421060,11.862753,-9999.000000
Emparte,12.0,11.627252,11.316992,11.894761,-9999.000000
Esmeralda,12.0,11.509208,11.369026,11.904299,-9999.000000
Liceo,12.0,11.521586,11.369026,11.894542,-9999.000000
Poblacion Esperanza,12.0,11.472064,11.316992,11.810334,-9999.000000
Poblacion Ferroviaria,12.0,11.721472,11.471177,11.933146,-9999.000000
R. Sotomayor,12.0,11.472064,11.316992,11.810334,-9999.000000
San Cristobal2,12.0,11.367767,11.174253,11.573420,-9999.000000
Sol del Pacifico,12.0,11.382040,11.146226,11.557656,-9999.000000
Soublete (Francisco Bilbao),12.0,11.547238,11.421060,11.894323,-9999.000000
Thompson,12.0,11.547238,11.421060,11.894323,-9999.000000
M. Mena,12.0,11.444943,11.155074,11.495180,-9999.000000
Manuel Rodriguez,12.0,11.444943,11.155074,11.495180,-9999.000000
No Organizada,12.0,11.412347,11.116447,11.553915,-9999.000000
Pompeya Norte,12.0,11.444943,11.155074,11.495180,-9999.000000
Pompeya Sur,12.0,11.444943,11.155074,11.495180,-9999.000000
Valencia Alto,12.0,11.492581,11.316992,11.613006,-9999.000000
Costa Sol,12.0,11.444943,11.155074,11.556123,-9999.000000
California,12.0,11.875247,11.204862,11.932100,-9999.000000
Camilo Henriquez,12.0,11.825295,11.347260,11.934801,-9999.000000
El Bosque,12.0,11.825295,11.347260,11.910608,-9999.000000
El Sol,12.0,11.825295,11.347260,11.934801,-9999.000000
General Baquedano,12.0,11.547238,11.421060,11.894323,-9999.000000
Infante,12.0,11.627252,11.316992,11.894761,-9999.000000
Lo Gamboa,12.0,11.721472,11.471177,11.933146,-9999.000000
Los Espinos,12.0,11.825295,11.347260,11.934801,-9999.000000
Retiro,12.0,11.773579,11.366851,11.910608,-9999.000000
Viñas del Sol,12.0,11.875247,11.204862,11.932100,-9999.000000
Buenos Aires,12.0,11.616300,11.241081,11.846264,-9999.000000
Casa de Valencia,12.0,11.400597,11.224921,11.669068,-9999.000000
Hevia,12.0,11.492581,11.316992,11.613006,-9999.000000
Humbolt,12.0,11.616300,11.241081,11.846264,-9999.000000
Phillips,12.0,11.521586,11.241081,11.613006,-9999.000000
Poblacion Argentina,12.0,11.472064,11.207723,11.567122,-9999.000000
Poblacion Canal Chacao,12.0,11.406338,11.126219,11.522282,-9999.000000
San Gregorio,12.0,11.472064,11.207723,11.567122,-9999.000000
Valencia Bajo,12.0,11.492581,11.316992,11.613006,-9999.000000
Villa Paso Hondo,12.0,11.400597,11.224921,11.551835,-9999.000000
