NOMBRE,Month,SO2,SO2_p25,SO2_p75,anio_actual
Calicheros,1.0,61.390737,-15.451403,125.791525,-93.129012
Belloto 2000,1.0,62.680754,35.264782,80.595132,13.791051
Belloto Centro,1.0,40.269568,24.066325,69.124701,24.183791
Bernando Ohiggins,1.0,52.784914,25.387750,116.562223,16.341464
Cruz del Sur,1.0,33.409611,-7.312718,67.181547,22.239712
82,1.0,79.095809,42.124061,92.775256,1.279118
Belloto Norte,1.0,57.704972,46.023439,115.789823,49.868399
E.E.U.U,1.0,91.394653,55.674124,121.527688,70.862870
Lincoyan,1.0,28.052841,4.194010,57.667474,27.906981
Los Colonos,1.0,53.909172,12.589481,115.824391,13.769329
Patricio Lynch,1.0,56.425423,37.756451,105.992372,55.872727
Santa Marta,1.0,83.494764,45.032122,118.903676,59.857709
Cantera,1.0,84.697778,50.374493,138.709347,17.028122
Decimo Sector,1.0,51.834833,26.310103,107.339157,24.066367
Estero Viejo,1.0,37.041953,15.452729,80.008269,19.655697
Matilde,1.0,110.952621,60.472889,157.622311,4.281153
San Cristobal,1.0,35.637630,11.812762,85.201228,21.717645
Tierras Rojas,1.0,54.799581,30.590903,146.314009,16.341464
Decimo Sector,1.0,74.011392,32.309470,117.602373,23.250960
Matilde,1.0,148.411060,63.555077,156.881699,16.341464
Los Pinos,1.0,98.233631,37.133113,159.123694,-97.699378
Marga Marga,1.0,119.029116,43.593103,155.020321,-65.065968
60,1.0,98.716074,33.424233,121.693600,16.818943
Castillo Blanco,1.0,80.003126,15.763400,163.883291,-3.386811
El Tranque,1.0,112.692098,-16.891936,142.364985,-62.227849
Jose Miguel Carrera,1.0,82.199124,37.713735,141.168276,-16.545233
Las Rosas,1.0,113.911817,-19.076163,142.412853,-64.055154
Piloto Pardo,1.0,113.957579,4.484200,145.437464,-44.243724
Porvenir,1.0,127.454700,44.648576,148.978153,-41.710329
Textil Viña,1.0,115.199774,-5.326757,154.437995,-75.422825
21 de Mayo,1.0,69.881343,3.249666,131.018673,-14.669253
Barros Arana,1.0,66.912303,-2.680492,117.615287,-26.975857
La Granja,1.0,105.437125,34.990055,143.250074,-1.918922
Las Viñas,1.0,110.068971,30.495155,139.527393,-6.737327
Los Estanques,1.0,105.437125,34.990055,143.250074,-1.918922
Mena,1.0,116.798576,10.306474,134.960186,-28.379019
Pedro Montt,1.0,82.849009,13.479472,129.695241,-12.082853
Victoria Oriente,1.0,109.941775,6.704200,130.578741,-43.892349
Victoria Poniente,1.0,109.720041,6.654543,130.624405,-44.162694
Villa Olimpica,1.0,77.207240,16.328742,133.497164,-39.400601
Araya,1.0,120.797589,15.520552,141.449406,-52.593678
Arturo Prat,1.0,67.038899,-3.092719,117.542160,-26.964709
Blanco,1.0,97.272946,22.138722,148.237537,-49.742124
Centro,1.0,58.743987,0.677922,119.729158,-27.608781
Colina de Oro,1.0,110.920477,10.459265,163.344232,-113.826990
El Esfuerzo,1.0,117.610888,-11.557081,140.989925,-62.464817
Emparte,1.0,70.083757,-15.871739,116.154839,-26.619120
Esmeralda,1.0,106.032196,35.367145,167.290264,-49.742124
Liceo,1.0,101.388715,31.319229,164.379332,-47.348959
Poblacion Esperanza,1.0,115.212145,47.255535,161.192165,-50.025551
Poblacion Ferroviaria,1.0,82.199124,37.713735,141.168276,-16.545233
R. Sotomayor,1.0,114.905469,46.064831,160.424456,-48.428686
San Cristobal2,1.0,117.560723,42.868866,172.144413,-87.535697
Sol del Pacifico,1.0,116.266019,9.225587,152.386077,-84.844013
Soublete (Francisco Bilbao),1.0,97.975943,22.898478,151.680476,-48.122764
Thompson,1.0,91.436798,21.132314,148.197765,-47.282230
M. Mena,1.0,59.171763,38.855834,127.009071,52.381559
Manuel Rodriguez,1.0,73.523256,34.052107,120.643515,81.194060
No Organizada,1.0,68.342900,35.800531,102.872675,53.241826
Pompeya Norte,1.0,77.203126,32.820382,119.011321,88.581880
Pompeya Sur,1.0,76.993591,33.633492,121.532987,87.126849
Valencia Alto,1.0,50.893850,-0.018879,121.090326,41.960086
Costa Sol,1.0,65.217127,30.944981,97.164389,74.160706
California,1.0,48.985770,0.853535,145.621264,-5.138828
Camilo Henriquez,1.0,39.309216,20.510247,132.388024,-6.387557
El Bosque,1.0,23.452680,0.762509,117.661283,-22.031972
El Sol,1.0,54.209331,20.744700,136.802449,-17.948761
General Baquedano,1.0,93.222840,22.248025,148.110077,-46.066099
Infante,1.0,45.133571,3.846184,115.957015,-22.124097
Lo Gamboa,1.0,88.229795,34.375014,132.327055,-16.167731
Los Espinos,1.0,48.737166,21.719082,130.427134,-6.188895
Retiro,1.0,35.472955,-4.770402,141.348337,-19.965922
Viñas del Sol,1.0,45.161501,15.825770,137.838476,-5.383144
Buenos Aires,1.0,41.552617,-5.974972,117.132738,-12.230628
Casa de Valencia,1.0,80.855652,17.658098,108.971774,37.226694
Hevia,1.0,45.960732,-9.098615,154.676443,21.355412
Humbolt,1.0,79.294144,8.862296,130.056045,-12.414621
Phillips,1.0,40.949413,14.802148,129.921972,20.599464
Poblacion Argentina,1.0,54.322458,8.621169,87.949843,71.145202
Poblacion Canal Chacao,1.0,56.922051,32.253015,131.402735,55.057134
San Gregorio,1.0,57.058559,0.822840,104.297268,52.262423
Valencia Bajo,1.0,44.235329,0.941603,149.711342,27.712510
Villa Paso Hondo,1.0,68.073286,42.648631,133.211592,47.372255
Calicheros,2.0,126.014236,41.139172,172.283554,-10.996972
Belloto 2000,2.0,89.104880,51.350523,144.174851,135.337093
Belloto Centro,2.0,81.841498,50.210985,115.698755,140.925135
Bernando Ohiggins,2.0,83.879352,67.183187,120.396609,148.646699
Cruz del Sur,2.0,84.657409,49.064231,147.469182,195.445021
82,2.0,85.848231,43.549678,197.296490,129.898160
Belloto Norte,2.0,94.188441,4.186258,148.296787,178.393727
E.E.U.U,2.0,99.296853,31.250249,175.598558,245.191731
Lincoyan,2.0,81.053658,45.425454,135.343313,174.556285
Los Colonos,2.0,78.204447,42.662263,122.752094,163.314886
Patricio Lynch,2.0,100.400348,23.177832,136.851072,211.180547
Santa Marta,2.0,106.580559,28.096898,146.630338,219.215180
Cantera,2.0,72.974878,44.618360,155.099437,91.981248
Decimo Sector,2.0,67.079485,39.407264,161.033396,166.232914
Estero Viejo,2.0,76.598791,56.345072,147.141514,208.477579
Matilde,2.0,51.018956,36.217624,193.625408,47.428927
San Cristobal,2.0,77.267447,49.754906,138.150070,172.709719
Tierras Rojas,2.0,87.376960,71.820695,98.481469,96.070418
Decimo Sector,2.0,63.400297,32.190535,173.830734,142.595825
Matilde,2.0,44.858483,14.515224,196.383442,57.608393
Los Pinos,2.0,87.230935,43.541395,183.456566,36.230525
Marga Marga,2.0,67.166964,48.497653,192.505959,77.362386
60,2.0,64.484483,31.014831,183.492871,116.074256
Castillo Blanco,2.0,76.875401,59.578137,145.087577,57.956092
El Tranque,2.0,81.076367,56.664352,218.269884,90.041954
Jose Miguel Carrera,2.0,86.725301,34.576387,231.902932,132.625966
Las Rosas,2.0,80.850410,57.547871,217.724562,88.338594
Piloto Pardo,2.0,70.024686,56.408899,204.920411,55.082424
Porvenir,2.0,76.846027,52.605041,224.711341,124.354015
Textil Viña,2.0,71.456896,55.905060,215.130457,41.662560
21 de Mayo,2.0,120.284240,61.241424,202.593824,41.388182
Barros Arana,2.0,93.129177,72.872007,173.671963,86.479184
La Granja,2.0,126.813987,43.368839,163.209796,-7.347738
Las Viñas,2.0,117.887599,45.811841,172.409713,0.724825
Los Estanques,2.0,126.813987,43.368839,163.209796,-7.347738
Mena,2.0,94.360745,40.264145,219.916940,36.982448
Pedro Montt,2.0,128.775849,57.585568,177.193900,32.130972
Victoria Oriente,2.0,98.802839,48.549071,208.634711,29.220490
Victoria Poniente,2.0,98.902160,48.710274,208.383383,29.044489
Villa Olimpica,2.0,133.911260,49.615258,155.724986,-9.395248
Araya,2.0,88.191534,54.896658,232.480635,99.954097
Arturo Prat,2.0,93.244459,72.907793,173.447654,86.700542
Blanco,2.0,112.532941,50.687491,215.367021,130.075205
Centro,2.0,94.094502,88.199180,176.892923,91.099232
Colina de Oro,2.0,105.579305,81.115907,176.489509,15.418349
El Esfuerzo,2.0,82.387271,56.576832,219.695000,88.783676
Emparte,2.0,96.818203,74.017164,166.494079,93.562638
Esmeralda,2.0,103.036590,52.305137,234.530997,111.209769
Liceo,2.0,102.149849,54.103441,238.997756,108.955377
Poblacion Esperanza,2.0,93.293567,48.981583,236.222036,92.265011
Poblacion Ferroviaria,2.0,86.725301,34.576387,231.902932,132.625966
R. Sotomayor,2.0,91.578120,52.133364,233.218076,88.881206
San Cristobal2,2.0,103.998687,67.810651,225.931178,46.778040
Sol del Pacifico,2.0,83.030610,68.665302,212.288363,23.850609
Soublete (Francisco Bilbao),2.0,112.577766,49.804256,217.840966,130.199632
Thompson,2.0,110.861160,53.169371,221.022252,126.190889
M. Mena,2.0,120.003663,56.567037,174.973126,26.754038
Manuel Rodriguez,2.0,121.931091,60.099339,181.214894,44.848859
No Organizada,2.0,152.401462,46.512385,209.943236,-3.650756
Pompeya Norte,2.0,122.425303,61.005058,182.815347,49.488556
Pompeya Sur,2.0,122.354575,60.484498,185.365991,47.192783
Valencia Alto,2.0,140.599058,84.048835,187.016804,44.705021
Costa Sol,2.0,157.781169,72.646242,198.520511,36.558184
California,2.0,57.759115,49.832196,103.642768,132.625966
Camilo Henriquez,2.0,86.762557,27.167286,192.662434,130.075205
El Bosque,2.0,130.527025,39.315590,177.846169,105.531801
El Sol,2.0,115.622826,38.540994,173.861953,129.226075
General Baquedano,2.0,114.745746,49.381304,209.652409,130.112716
Infante,2.0,113.841473,83.507321,164.353160,80.801843
Lo Gamboa,2.0,91.293608,45.480391,228.200859,132.182356
Los Espinos,2.0,86.864948,31.672501,172.592001,130.481008
Retiro,2.0,136.033981,37.079517,186.845641,124.688105
Viñas del Sol,2.0,70.457021,45.987294,111.969448,132.126904
Buenos Aires,2.0,118.970210,72.709533,195.022144,55.865902
Casa de Valencia,2.0,134.749007,94.523836,162.810805,132.245809
Hevia,2.0,138.282886,83.950425,185.814970,43.310625
Humbolt,2.0,125.156469,57.391108,191.911997,32.770245
Phillips,2.0,136.672129,79.661891,184.009545,48.800708
Poblacion Argentina,2.0,153.471980,80.828181,192.846991,43.834790
Poblacion Canal Chacao,2.0,130.600095,46.436152,170.086000,24.620960
San Gregorio,2.0,141.757144,84.098041,187.617721,45.402219
Valencia Bajo,2.0,150.979058,83.987865,182.876199,44.568247
Villa Paso Hondo,2.0,136.022043,79.220733,163.184883,215.900902
Calicheros,3.0,127.152750,23.397065,212.046012,-4.608761
Belloto 2000,3.0,72.428648,29.609763,115.729342,-87.472498
Belloto Centro,3.0,70.633294,34.584744,121.360175,-92.253065
Bernando Ohiggins,3.0,94.893665,31.219291,120.632044,-57.993970
Cruz del Sur,3.0,84.392225,39.657880,123.882101,-49.907455
82,3.0,82.131600,1.618212,112.766117,-85.288065
Belloto Norte,3.0,53.054956,-29.610298,127.241648,-85.501310
E.E.U.U,3.0,71.770386,-22.334594,147.355561,-49.394905
Lincoyan,3.0,87.282295,26.107777,116.292330,-63.808712
Los Colonos,3.0,63.762346,12.207485,124.379832,-42.171022
Patricio Lynch,3.0,68.280526,-5.433722,134.806170,-52.003070
Santa Marta,3.0,70.108603,-16.120996,146.245074,-50.497151
Cantera,3.0,70.956941,34.287028,127.448679,-106.714014
Decimo Sector,3.0,71.565366,-12.877063,103.523775,-132.273420
Estero Viejo,3.0,79.174892,33.178649,120.288707,-56.708736
Matilde,3.0,80.213978,30.159853,124.194534,-126.204243
San Cristobal,3.0,83.137138,19.345920,114.781821,-120.426305
Tierras Rojas,3.0,85.775065,19.598771,123.342968,-89.977720
Decimo Sector,3.0,77.755307,-11.955418,102.900214,-140.542103
Matilde,3.0,65.239470,23.694443,144.306255,-129.067112
Los Pinos,3.0,112.174532,25.826836,139.026448,-116.324738
Marga Marga,3.0,66.365938,17.840897,101.562277,-123.545774
60,3.0,92.786847,2.026233,107.289276,-139.698887
Castillo Blanco,3.0,77.755110,-11.158560,126.800419,-104.519483
El Tranque,3.0,85.070709,-14.686492,116.653788,-56.606312
Jose Miguel Carrera,3.0,86.584310,-31.863176,118.492377,-67.949733
Las Rosas,3.0,84.569793,-13.999424,117.020617,-56.152575
Piloto Pardo,3.0,95.493275,-16.025968,124.806737,-93.323899
Porvenir,3.0,77.017607,1.886030,91.969433,-154.464508
Textil Viña,3.0,93.326190,-16.979768,159.202142,-94.193922
21 de Mayo,3.0,38.956484,-9.240901,162.671501,-11.868076
Barros Arana,3.0,69.263592,9.167896,161.118633,-2.927744
La Granja,3.0,6.740615,-45.791786,139.524534,-57.759938
Las Viñas,3.0,18.433526,-39.315390,133.795095,-58.111278
Los Estanques,3.0,6.740615,-45.791786,139.524534,-57.759938
Mena,3.0,50.943299,-24.975110,142.818255,-59.689306
Pedro Montt,3.0,41.653631,-14.052593,143.346426,-23.659528
Victoria Oriente,3.0,49.327296,-7.848843,160.886214,-54.723520
Victoria Poniente,3.0,49.287994,-7.536122,161.190139,-54.629625
Villa Olimpica,3.0,82.016705,-9.114708,158.638082,-19.350452
Araya,3.0,65.601159,-15.015279,125.588627,-59.025953
Arturo Prat,3.0,69.462707,9.207793,161.195221,-2.664619
Blanco,3.0,43.711418,-24.709014,142.029720,-59.762573
Centro,3.0,64.959488,6.313290,165.287254,-1.177060
Colina de Oro,3.0,131.443821,25.626562,173.644980,-60.533926
El Esfuerzo,3.0,79.969840,-13.281627,118.900211,-56.553686
Emparte,3.0,75.635271,10.444576,163.569460,5.492231
Esmeralda,3.0,43.440816,-16.124129,137.983342,-59.762573
Liceo,3.0,44.822648,-14.599551,140.378443,-55.506825
Poblacion Esperanza,3.0,60.119880,-23.797040,133.601987,-59.691088
Poblacion Ferroviaria,3.0,86.584310,-31.863176,118.492377,-67.949733
R. Sotomayor,3.0,59.693046,-24.631488,134.623325,-59.762573
San Cristobal2,3.0,107.677570,-0.566442,172.717038,-51.481310
Sol del Pacifico,3.0,105.247693,-4.711758,178.556428,-99.603415
Soublete (Francisco Bilbao),3.0,46.339818,-25.057997,140.344517,-60.161947
Thompson,3.0,47.107572,-20.969270,144.321182,-52.820573
M. Mena,3.0,60.877775,21.354799,125.107742,10.380739
Manuel Rodriguez,3.0,72.396995,56.983600,106.061299,46.537017
No Organizada,3.0,105.927430,80.487288,146.708677,76.407837
Pompeya Norte,3.0,80.495106,50.897233,109.555577,55.807858
Pompeya Sur,3.0,82.558454,52.923553,112.530771,57.590555
Valencia Alto,3.0,121.022068,46.485755,177.582804,60.237944
Costa Sol,3.0,91.640264,74.318288,118.351533,83.142546
California,3.0,66.198234,24.050229,132.403038,-77.011902
Camilo Henriquez,3.0,79.980277,-40.209121,142.410044,-90.917840
El Bosque,3.0,67.999144,-1.624046,182.516102,-17.791698
El Sol,3.0,80.097287,-29.236357,127.479066,-80.705793
General Baquedano,3.0,46.088015,-22.537599,139.215925,-62.173801
Infante,3.0,65.400167,10.801387,172.191123,6.554891
Lo Gamboa,3.0,90.029050,-26.256226,109.362482,-70.983617
Los Espinos,3.0,80.293922,-38.355132,136.187487,-88.705531
Retiro,3.0,88.636061,-3.363772,160.734983,-25.727620
Viñas del Sol,3.0,68.746120,12.500209,123.769330,-79.732629
Buenos Aires,3.0,48.890258,12.588769,189.374940,9.591105
Casa de Valencia,3.0,98.301750,32.761337,168.374624,83.323413
Hevia,3.0,130.552036,41.588593,206.692453,35.856647
Humbolt,3.0,40.860204,-15.704167,150.978011,-19.983100
Phillips,3.0,68.967915,36.801038,169.028157,23.197659
Poblacion Argentina,3.0,98.383865,53.753886,149.235050,97.132227
Poblacion Canal Chacao,3.0,89.307600,61.260955,149.319111,114.268305
San Gregorio,3.0,116.257083,48.934336,163.027980,72.428593
Valencia Bajo,3.0,121.226085,45.120069,195.341120,37.041607
Villa Paso Hondo,3.0,94.416946,33.367418,166.426139,136.002246
Calicheros,4.0,341.816367,96.853613,610.088226,184.380867
Belloto 2000,4.0,194.769342,136.659002,435.677162,134.600899
Belloto Centro,4.0,156.921256,90.497528,383.593047,44.375971
Bernando Ohiggins,4.0,221.291066,82.419009,410.213081,261.123530
Cruz del Sur,4.0,163.030912,127.905758,390.124474,159.860241
82,4.0,268.350800,189.840340,435.056295,198.877785
Belloto Norte,4.0,257.034815,195.197011,439.796595,0.765246
E.E.U.U,4.0,302.639444,267.173458,464.299098,-3.601532
Lincoyan,4.0,161.173269,96.962493,303.893678,53.375854
Los Colonos,4.0,359.847612,224.511102,450.977017,101.234660
Patricio Lynch,4.0,339.979515,237.093005,445.176159,-0.916465
Santa Marta,4.0,369.822063,306.528367,478.218507,26.803200
Cantera,4.0,227.810708,71.925019,434.200630,293.047630
Decimo Sector,4.0,202.291479,16.810597,438.062345,246.240853
Estero Viejo,4.0,202.322859,69.542046,417.216286,236.349080
Matilde,4.0,257.460796,58.923246,448.592368,311.286129
San Cristobal,4.0,228.123390,21.346038,426.096492,233.880557
Tierras Rojas,4.0,229.951366,63.846098,414.231481,276.287894
Decimo Sector,4.0,206.637706,22.835571,444.730537,261.120463
Matilde,4.0,232.253839,87.542395,457.951230,325.941524
Los Pinos,4.0,270.130181,57.682964,507.285859,259.115282
Marga Marga,4.0,314.144107,-11.987616,485.296897,317.610555
60,4.0,235.256868,26.776516,432.643437,272.729088
Castillo Blanco,4.0,291.206965,67.920428,458.500573,299.128502
El Tranque,4.0,322.211463,113.905375,635.134626,318.182025
Jose Miguel Carrera,4.0,325.535904,204.839184,514.950589,324.830908
Las Rosas,4.0,322.078485,110.268022,634.516895,317.916069
Piloto Pardo,4.0,305.200870,53.026294,579.204933,304.034577
Porvenir,4.0,338.192627,-15.109191,397.198708,408.461840
Textil Viña,4.0,313.145664,18.731747,642.208261,300.050426
21 de Mayo,4.0,249.308802,191.556714,640.042726,186.656845
Barros Arana,4.0,284.160704,193.255602,562.546889,165.161505
La Granja,4.0,306.594928,260.154966,627.104541,286.948954
Las Viñas,4.0,301.235876,259.602281,634.241941,281.696167
Los Estanques,4.0,306.594928,260.154966,627.104541,286.948954
Mena,4.0,285.613484,248.672324,666.299309,258.103467
Pedro Montt,4.0,259.751035,219.983843,627.236317,212.700441
Victoria Oriente,4.0,289.535499,198.284677,682.051954,248.819179
Victoria Poniente,4.0,289.622095,197.355232,682.317748,248.666591
Villa Olimpica,4.0,332.792897,156.887007,682.824897,224.483312
Araya,4.0,283.175026,123.380925,642.128225,233.825827
Arturo Prat,4.0,284.157337,193.584393,562.059663,164.736289
Blanco,4.0,277.296102,86.312325,614.424480,86.086414
Centro,4.0,270.513798,171.196286,570.491047,145.088612
Colina de Oro,4.0,231.071604,174.592349,529.952733,243.527963
El Esfuerzo,4.0,313.847371,110.432410,637.437543,301.453842
Emparte,4.0,284.052936,203.776924,546.955656,151.554606
Esmeralda,4.0,294.336559,67.340643,637.613605,127.921217
Liceo,4.0,291.402863,79.437804,630.492491,130.527735
Poblacion Esperanza,4.0,310.483557,50.700054,660.282218,172.689882
Poblacion Ferroviaria,4.0,325.535904,204.839184,514.950589,324.830908
R. Sotomayor,4.0,309.668057,60.850601,661.253374,175.385185
San Cristobal2,4.0,236.363838,141.081127,617.270541,227.229964
Sol del Pacifico,4.0,294.613222,9.136937,603.657856,282.509236
Soublete (Francisco Bilbao),4.0,276.652507,95.090878,616.188061,97.732486
Thompson,4.0,278.014914,96.142732,607.246946,93.051115
M. Mena,4.0,366.855737,189.885637,570.533501,185.357000
Manuel Rodriguez,4.0,343.661289,139.380634,590.345290,131.451064
No Organizada,4.0,379.828981,205.284782,581.531878,203.021489
Pompeya Norte,4.0,329.582365,126.430633,603.556866,117.629030
Pompeya Sur,4.0,335.627098,130.103595,605.640646,121.921257
Valencia Alto,4.0,315.050146,156.258455,573.609030,85.129259
Costa Sol,4.0,465.610862,192.303789,565.285693,154.645115
California,4.0,365.602445,244.310555,457.106759,286.948954
Camilo Henriquez,4.0,351.903583,221.449998,546.090616,130.287256
El Bosque,4.0,343.367304,203.443134,533.890857,135.772264
El Sol,4.0,299.881466,205.519382,563.591489,119.474653
General Baquedano,4.0,275.320431,101.263810,609.931599,92.847424
Infante,4.0,258.834012,173.949901,577.330851,146.282753
Lo Gamboa,4.0,294.062225,229.833240,545.905688,287.428412
Los Espinos,4.0,357.312691,216.528528,560.748585,155.210708
Retiro,4.0,321.777804,211.683708,532.313932,160.278510
Viñas del Sol,4.0,379.251496,235.037445,485.619952,256.297753
Buenos Aires,4.0,224.038717,151.334976,633.499723,132.683769
Casa de Valencia,4.0,338.203580,128.352714,443.412533,50.032293
Hevia,4.0,216.185227,54.884654,579.619063,40.845695
Humbolt,4.0,251.226721,211.898837,637.754877,204.391425
Phillips,4.0,256.022872,154.081930,626.225884,118.995289
Poblacion Argentina,4.0,499.082185,229.727925,563.039868,156.265465
Poblacion Canal Chacao,4.0,398.345872,217.402665,518.007739,229.029608
San Gregorio,4.0,389.786936,181.641025,559.761135,107.271042
Valencia Bajo,4.0,233.186475,74.757810,589.617003,53.711936
Villa Paso Hondo,4.0,267.546014,110.882862,398.299351,37.241965
Calicheros,5.0,854.689900,646.053190,883.010711,-9999.000000
Belloto 2000,5.0,933.353036,806.219101,1592.131340,-9999.000000
Belloto Centro,5.0,908.549268,779.365781,1648.525015,-9999.000000
Bernando Ohiggins,5.0,961.859960,251.088506,1140.046469,-9999.000000
Cruz del Sur,5.0,907.945807,397.674351,1082.188569,-9999.000000
82,5.0,968.244134,843.454353,1547.725594,-9999.000000
Belloto Norte,5.0,887.797888,752.400381,1324.337715,-9999.000000
E.E.U.U,5.0,1032.050729,770.746566,1335.208091,-9999.000000
Lincoyan,5.0,895.375108,764.786833,1445.838751,-9999.000000
Los Colonos,5.0,977.651451,609.988193,1507.297640,-9999.000000
Patricio Lynch,5.0,958.807653,662.041731,1440.124978,-9999.000000
Santa Marta,5.0,1037.977880,651.816432,1452.861419,-9999.000000
Cantera,5.0,884.703856,380.260205,1123.314805,-9999.000000
Decimo Sector,5.0,834.273952,251.891175,910.375893,-9999.000000
Estero Viejo,5.0,883.029406,196.027064,898.584490,-9999.000000
Matilde,5.0,886.951946,441.566401,1174.773919,-9999.000000
San Cristobal,5.0,793.471756,215.277698,912.561718,-9999.000000
Tierras Rojas,5.0,923.288318,316.834797,1370.683782,-9999.000000
Decimo Sector,5.0,843.287437,304.702526,907.401692,-9999.000000
Matilde,5.0,882.199267,520.698610,961.711938,-9999.000000
Los Pinos,5.0,650.144384,547.719227,1014.924424,-9999.000000
Marga Marga,5.0,670.504083,492.204326,1091.230840,-9999.000000
60,5.0,840.038013,356.561623,904.313648,-9999.000000
Castillo Blanco,5.0,913.478825,528.651309,1200.726196,-9999.000000
El Tranque,5.0,885.961164,706.196176,1019.333652,-9999.000000
Jose Miguel Carrera,5.0,985.509832,855.449481,1395.765110,-9999.000000
Las Rosas,5.0,887.181632,678.613418,1025.545640,-9999.000000
Piloto Pardo,5.0,903.264727,504.659742,1246.780221,-9999.000000
Porvenir,5.0,821.773983,415.813612,1165.679538,-9999.000000
Textil Viña,5.0,834.882510,493.313827,1360.628140,-9999.000000
21 de Mayo,5.0,883.963757,449.673639,1128.095394,-9999.000000
Barros Arana,5.0,557.380626,362.733044,995.220943,-9999.000000
La Granja,5.0,954.254789,330.084247,1147.453325,-9999.000000
Las Viñas,5.0,959.738130,374.874192,1198.008472,-9999.000000
Los Estanques,5.0,954.254789,330.084247,1147.453325,-9999.000000
Mena,5.0,664.019124,383.272444,1425.075065,-9999.000000
Pedro Montt,5.0,959.568766,389.727657,1050.166844,-9999.000000
Victoria Oriente,5.0,669.717763,407.130640,1332.892614,-9999.000000
Victoria Poniente,5.0,669.799814,408.614014,1330.978483,-9999.000000
Villa Olimpica,5.0,787.483070,586.006963,1036.146144,-9999.000000
Araya,5.0,885.357337,591.026366,1208.866908,-9999.000000
Arturo Prat,5.0,556.880933,362.896054,995.265902,-9999.000000
Blanco,5.0,692.245027,505.971314,1054.722616,-9999.000000
Centro,5.0,584.854314,445.475444,995.528206,-9999.000000
Colina de Oro,5.0,832.577376,600.969587,964.847625,-9999.000000
El Esfuerzo,5.0,865.522009,632.477447,1009.618261,-9999.000000
Emparte,5.0,541.390444,367.949358,996.659626,-9999.000000
Esmeralda,5.0,694.085272,429.560876,1489.180373,-9999.000000
Liceo,5.0,681.235786,439.424483,1405.579980,-9999.000000
Poblacion Esperanza,5.0,885.037773,271.611929,1474.839341,-9999.000000
Poblacion Ferroviaria,5.0,985.509832,855.449481,1395.765110,-9999.000000
R. Sotomayor,5.0,863.050050,269.323865,1518.931873,-9999.000000
San Cristobal2,5.0,879.113721,425.303236,1285.936865,-9999.000000
Sol del Pacifico,5.0,786.809346,401.374555,1239.061796,-9999.000000
Soublete (Francisco Bilbao),5.0,700.206219,523.437785,1051.346383,-9999.000000
Thompson,5.0,676.196667,498.830298,1048.545703,-9999.000000
M. Mena,5.0,812.315377,483.265861,1147.453334,-9999.000000
Manuel Rodriguez,5.0,650.090062,507.650556,1147.453339,-9999.000000
No Organizada,5.0,634.117667,429.881946,900.232095,-9999.000000
Pompeya Norte,5.0,608.493827,496.782936,1147.453341,-9999.000000
Pompeya Sur,5.0,601.083028,500.790884,1134.418311,-9999.000000
Valencia Alto,5.0,685.244672,519.741652,923.775922,-9999.000000
Costa Sol,5.0,613.723440,446.158521,924.838205,-9999.000000
California,5.0,985.509826,653.865458,1489.180373,-9999.000000
Camilo Henriquez,5.0,991.084710,766.269996,1395.765110,-9999.000000
El Bosque,5.0,925.668271,523.035027,1133.463280,-9999.000000
El Sol,5.0,1007.493823,711.581606,1166.862394,-9999.000000
General Baquedano,5.0,700.088105,532.366847,1049.025523,-9999.000000
Infante,5.0,605.543360,446.164298,981.290577,-9999.000000
Lo Gamboa,5.0,989.246241,830.107062,1364.689159,-9999.000000
Los Espinos,5.0,990.197796,771.149210,1395.765110,-9999.000000
Retiro,5.0,705.751577,477.864886,1007.215929,-9999.000000
Viñas del Sol,5.0,986.600564,681.153569,1489.180373,-9999.000000
Buenos Aires,5.0,803.129782,500.451585,1079.299911,-9999.000000
Casa de Valencia,5.0,709.384017,498.775879,925.450451,-9999.000000
Hevia,5.0,824.713985,592.535065,920.204114,-9999.000000
Humbolt,5.0,930.556425,396.402243,1126.318668,-9999.000000
Phillips,5.0,911.808006,513.540800,937.254880,-9999.000000
Poblacion Argentina,5.0,696.733364,364.486232,1024.244069,-9999.000000
Poblacion Canal Chacao,5.0,554.143616,389.217368,642.777442,-9999.000000
San Gregorio,5.0,700.892427,452.609879,925.561826,-9999.000000
Valencia Bajo,5.0,810.577649,586.216468,921.515922,-9999.000000
Villa Paso Hondo,5.0,698.087059,452.216951,886.576235,-9999.000000
Calicheros,6.0,2173.182267,485.884113,3073.998857,-9999.000000
Belloto 2000,6.0,1957.576136,840.202443,2746.676426,-9999.000000
Belloto Centro,6.0,1905.545423,466.743854,2979.731653,-9999.000000
Bernando Ohiggins,6.0,2183.052658,1750.157181,2596.982338,-9999.000000
Cruz del Sur,6.0,1967.883044,1869.557704,2066.428077,-9999.000000
82,6.0,1908.496198,1077.449806,2979.731653,-9999.000000
Belloto Norte,6.0,1979.577472,275.036618,4652.465328,-9999.000000
E.E.U.U,6.0,1979.577472,313.340817,4719.571667,-9999.000000
Lincoyan,6.0,1899.112490,693.757848,2979.731653,-9999.000000
Los Colonos,6.0,1679.787442,591.717515,2979.731653,-9999.000000
Patricio Lynch,6.0,1893.738234,341.745988,4575.927571,-9999.000000
Santa Marta,6.0,1979.242568,340.967320,4743.087514,-9999.000000
Cantera,6.0,2592.150076,1637.888354,4662.804114,-9999.000000
Decimo Sector,6.0,3592.784786,965.368131,4662.804114,-9999.000000
Estero Viejo,6.0,2681.325422,980.630722,4662.804114,-9999.000000
Matilde,6.0,2197.636044,1669.988074,3076.726606,-9999.000000
San Cristobal,6.0,3098.646558,939.382729,4639.201132,-9999.000000
Tierras Rojas,6.0,2267.350825,2153.479381,2529.505279,-9999.000000
Decimo Sector,6.0,3565.600608,996.463806,4662.804114,-9999.000000
Matilde,6.0,2313.040035,1156.286788,3651.132889,-9999.000000
Los Pinos,6.0,3227.123841,304.049363,4453.965843,-9999.000000
Marga Marga,6.0,3626.850559,833.962748,4453.965756,-9999.000000
60,6.0,3277.898634,1017.315007,4645.470633,-9999.000000
Castillo Blanco,6.0,2169.640975,2044.134077,2919.049650,-9999.000000
El Tranque,6.0,2172.883352,1651.844126,2979.731653,-9999.000000
Jose Miguel Carrera,6.0,1918.651053,1651.844126,2979.731653,-9999.000000
Las Rosas,6.0,2183.052644,1651.844126,2979.731653,-9999.000000
Piloto Pardo,6.0,2234.932400,1348.788232,2419.844352,-9999.000000
Porvenir,6.0,3470.677924,786.511438,4474.790691,-9999.000000
Textil Viña,6.0,2066.120965,1043.081797,2283.790263,-9999.000000
21 de Mayo,6.0,1634.823835,691.262198,1838.575418,-9999.000000
Barros Arana,6.0,1694.433385,1129.923326,2999.339335,-9999.000000
La Granja,6.0,1365.303497,517.534920,1987.195146,-9999.000000
Las Viñas,6.0,1367.273413,773.923051,2191.939804,-9999.000000
Los Estanques,6.0,1365.303497,517.534920,1987.195146,-9999.000000
Mena,6.0,1822.112774,1485.422520,2999.339399,-9999.000000
Pedro Montt,6.0,1535.665927,667.821611,2027.700922,-9999.000000
Victoria Oriente,6.0,1991.165715,1497.356340,2795.997695,-9999.000000
Victoria Poniente,6.0,1993.771550,1496.335043,2792.208720,-9999.000000
Villa Olimpica,6.0,1568.329534,849.755069,2323.648452,-9999.000000
Araya,6.0,2062.103734,1651.844126,2986.471819,-9999.000000
Arturo Prat,6.0,1694.694981,1130.388837,2999.339334,-9999.000000
Blanco,6.0,1738.281399,1651.844126,2979.731653,-9999.000000
Centro,6.0,1631.626350,1249.496263,2997.402763,-9999.000000
Colina de Oro,6.0,2851.977750,648.217566,4141.221478,-9999.000000
El Esfuerzo,6.0,2172.935865,1651.844126,2981.910293,-9999.000000
Emparte,6.0,1702.804472,1144.819689,2999.339325,-9999.000000
Esmeralda,6.0,1915.141513,1651.844126,2989.535531,-9999.000000
Liceo,6.0,1855.850980,1650.321828,2989.535525,-9999.000000
Poblacion Esperanza,6.0,2093.804617,1651.844126,2998.951138,-9999.000000
Poblacion Ferroviaria,6.0,1918.651053,1651.844126,2979.731653,-9999.000000
R. Sotomayor,6.0,2076.473729,1645.413274,2999.339409,-9999.000000
San Cristobal2,6.0,2139.220094,1011.017953,2321.757774,-9999.000000
Sol del Pacifico,6.0,1890.386245,770.962180,2297.603728,-9999.000000
Soublete (Francisco Bilbao),6.0,1747.079919,1651.844126,2979.731653,-9999.000000
Thompson,6.0,1723.476989,1602.008005,2981.817575,-9999.000000
M. Mena,6.0,1313.683591,-18.574251,1864.287412,-9999.000000
Manuel Rodriguez,6.0,1286.293437,-279.582574,1799.071063,-9999.000000
No Organizada,6.0,1688.164544,549.738824,2074.296550,-9999.000000
Pompeya Norte,6.0,1279.270320,-280.242908,1782.348922,-9999.000000
Pompeya Sur,6.0,1413.720951,-236.366658,1915.531401,-9999.000000
Valencia Alto,6.0,1568.451972,1132.572329,1750.448430,-9999.000000
Costa Sol,6.0,1505.968219,841.039026,2046.274190,-9999.000000
California,6.0,1866.112289,1621.277304,2979.731653,-9999.000000
Camilo Henriquez,6.0,1894.950372,1694.954350,2979.731653,-9999.000000
El Bosque,6.0,1815.965891,1470.667272,2873.030583,-9999.000000
El Sol,6.0,1842.044000,1683.926153,2980.187645,-9999.000000
General Baquedano,6.0,1752.453671,1655.013996,2979.731653,-9999.000000
Infante,6.0,1547.246935,1352.463831,2807.108628,-9999.000000
Lo Gamboa,6.0,1903.831532,1659.341556,2979.731653,-9999.000000
Los Espinos,6.0,1884.501821,1694.954350,2979.731653,-9999.000000
Retiro,6.0,1798.043886,1248.599355,2943.291438,-9999.000000
Viñas del Sol,6.0,1850.037401,1679.126621,2979.731653,-9999.000000
Buenos Aires,6.0,1704.086987,827.430778,1780.702397,-9999.000000
Casa de Valencia,6.0,1590.862297,1545.547284,1612.022082,-9999.000000
Hevia,6.0,1582.084685,728.910833,1752.202632,-9999.000000
Humbolt,6.0,1587.164751,660.542131,1864.855736,-9999.000000
Phillips,6.0,1555.124678,469.849610,1785.760230,-9999.000000
Poblacion Argentina,6.0,1655.615971,1491.094751,2121.996508,-9999.000000
Poblacion Canal Chacao,6.0,1539.445650,1483.961371,1892.337219,-9999.000000
San Gregorio,6.0,1561.197062,1334.403077,1750.448436,-9999.000000
Valencia Bajo,6.0,1552.189135,616.018479,1756.928751,-9999.000000
Villa Paso Hondo,6.0,1547.656864,1472.097181,2202.886094,-9999.000000
Calicheros,7.0,1064.394175,736.903975,1232.282779,-9999.000000
Belloto 2000,7.0,1881.713213,898.894587,2139.736098,-9999.000000
Belloto Centro,7.0,1993.773960,751.323865,2249.610843,-9999.000000
Bernando Ohiggins,7.0,1485.849341,1077.357358,1966.793254,-9999.000000
Cruz del Sur,7.0,1438.266867,1138.611155,2078.075246,-9999.000000
82,7.0,1762.314425,952.791025,2102.785664,-9999.000000
Belloto Norte,7.0,1781.177995,609.587183,2284.256226,-9999.000000
E.E.U.U,7.0,1847.355518,704.648816,2383.053446,-9999.000000
Lincoyan,7.0,1615.899790,799.007774,2249.610843,-9999.000000
Los Colonos,7.0,1477.565471,1117.978098,2102.227831,-9999.000000
Patricio Lynch,7.0,1554.540211,591.326532,2132.973689,-9999.000000
Santa Marta,7.0,1850.805871,706.522586,1890.901123,-9999.000000
Cantera,7.0,1449.079045,1138.684322,1990.099310,-9999.000000
Decimo Sector,7.0,1501.462186,1200.064106,1648.422268,-9999.000000
Estero Viejo,7.0,1350.946969,1132.430457,1672.713561,-9999.000000
Matilde,7.0,1335.731478,1148.522032,2148.074248,-9999.000000
San Cristobal,7.0,1356.123552,1162.983569,1495.632422,-9999.000000
Tierras Rojas,7.0,1547.513698,1061.072470,2195.123411,-9999.000000
Decimo Sector,7.0,1455.637264,1209.601527,1832.369082,-9999.000000
Matilde,7.0,1326.401545,842.484647,2514.954279,-9999.000000
Los Pinos,7.0,1323.172045,977.734619,1658.220764,-9999.000000
Marga Marga,7.0,1318.493490,1035.424575,1597.205941,-9999.000000
60,7.0,1347.041678,1198.517167,1842.273905,-9999.000000
Castillo Blanco,7.0,1600.213546,1011.150075,2101.035393,-9999.000000
El Tranque,7.0,1446.367520,885.783092,1710.047366,-9999.000000
Jose Miguel Carrera,7.0,1446.560025,1033.958632,2165.720798,-9999.000000
Las Rosas,7.0,1446.359820,876.020046,1710.047366,-9999.000000
Piloto Pardo,7.0,1544.769052,993.020695,1680.887675,-9999.000000
Porvenir,7.0,1400.927045,918.224966,1821.522386,-9999.000000
Textil Viña,7.0,1332.224600,1004.276716,1827.960161,-9999.000000
21 de Mayo,7.0,916.268662,375.161129,1469.944953,-9999.000000
Barros Arana,7.0,1506.351109,909.909523,1774.695166,-9999.000000
La Granja,7.0,993.906327,347.933092,1469.944953,-9999.000000
Las Viñas,7.0,1083.808920,414.917378,1469.944953,-9999.000000
Los Estanques,7.0,993.906327,347.933092,1469.944953,-9999.000000
Mena,7.0,1194.870734,521.097175,1487.603129,-9999.000000
Pedro Montt,7.0,996.163826,421.501252,1469.944953,-9999.000000
Victoria Oriente,7.0,1162.579652,644.478585,1542.028206,-9999.000000
Victoria Poniente,7.0,1161.906310,646.266819,1541.001477,-9999.000000
Villa Olimpica,7.0,900.909072,400.947765,1404.231618,-9999.000000
Araya,7.0,1543.663034,1077.358163,1785.973391,-9999.000000
Arturo Prat,7.0,1506.351109,910.743625,1777.361737,-9999.000000
Blanco,7.0,1757.640974,1216.739934,2166.147753,-9999.000000
Centro,7.0,1448.127863,917.598746,1686.391372,-9999.000000
Colina de Oro,7.0,1165.311776,916.882448,1987.940399,-9999.000000
El Esfuerzo,7.0,1463.132112,872.592836,1710.047357,-9999.000000
Emparte,7.0,1506.351109,936.600783,1860.025455,-9999.000000
Esmeralda,7.0,1677.475708,1347.394074,1720.290665,-9999.000000
Liceo,7.0,1616.983273,1346.513285,1768.769456,-9999.000000
Poblacion Esperanza,7.0,1476.212182,845.785941,1710.047293,-9999.000000
Poblacion Ferroviaria,7.0,1446.560025,1033.958632,2165.720798,-9999.000000
R. Sotomayor,7.0,1477.525423,867.984220,1646.801887,-9999.000000
San Cristobal2,7.0,1409.664964,961.345280,1788.973722,-9999.000000
Sol del Pacifico,7.0,1309.856335,1043.456359,1835.827373,-9999.000000
Soublete (Francisco Bilbao),7.0,1742.466293,1207.823773,2115.597094,-9999.000000
Thompson,7.0,1740.565267,1243.676638,2133.581551,-9999.000000
M. Mena,7.0,931.019800,334.519986,1188.145506,-9999.000000
Manuel Rodriguez,7.0,860.148872,327.402828,1038.619269,-9999.000000
No Organizada,7.0,775.090683,336.933251,1254.745293,-9999.000000
Pompeya Norte,7.0,839.395914,325.577916,1000.279209,-9999.000000
Pompeya Sur,7.0,817.838358,325.577916,1018.833460,-9999.000000
Valencia Alto,7.0,867.141551,318.592717,1306.838874,-9999.000000
Costa Sol,7.0,795.265752,288.009682,1185.795746,-9999.000000
California,7.0,1510.194182,962.367745,2165.720798,-9999.000000
Camilo Henriquez,7.0,1756.572387,961.053069,2083.452326,-9999.000000
El Bosque,7.0,1646.506755,1058.596145,2051.038668,-9999.000000
El Sol,7.0,1611.809959,1152.087609,2047.925401,-9999.000000
General Baquedano,7.0,1734.871638,1253.745536,2121.584371,-9999.000000
Infante,7.0,1294.633437,746.688710,1589.485921,-9999.000000
Lo Gamboa,7.0,1471.152096,1162.620290,2147.656097,-9999.000000
Los Espinos,7.0,1697.588793,961.262222,2096.540492,-9999.000000
Retiro,7.0,1669.054857,789.083583,2450.315627,-9999.000000
Viñas del Sol,7.0,1510.194186,962.110525,2149.624793,-9999.000000
Buenos Aires,7.0,888.783450,382.235941,1469.944953,-9999.000000
Casa de Valencia,7.0,927.653913,423.768116,1400.442213,-9999.000000
Hevia,7.0,867.141546,370.288268,1436.617691,-9999.000000
Humbolt,7.0,929.997274,370.346415,1469.944953,-9999.000000
Phillips,7.0,893.665032,363.708241,1348.740890,-9999.000000
Poblacion Argentina,7.0,855.449180,348.716966,1304.739394,-9999.000000
Poblacion Canal Chacao,7.0,1015.612429,490.440688,1194.825834,-9999.000000
San Gregorio,7.0,867.141554,292.744942,1241.949466,-9999.000000
Valencia Bajo,7.0,856.673607,365.613055,1415.430179,-9999.000000
Villa Paso Hondo,7.0,958.799639,786.331373,1294.630909,-9999.000000
Calicheros,8.0,836.766114,101.142218,903.291073,-9999.000000
Belloto 2000,8.0,398.374476,114.803958,1159.489524,-9999.000000
Belloto Centro,8.0,355.177854,122.855712,1144.127018,-9999.000000
Bernando Ohiggins,8.0,393.902819,197.949208,962.458784,-9999.000000
Cruz del Sur,8.0,583.592722,182.204453,904.481785,-9999.000000
82,8.0,444.970407,78.378105,1199.902837,-9999.000000
Belloto Norte,8.0,613.650562,27.897533,986.559549,-9999.000000
E.E.U.U,8.0,775.404239,102.742582,1070.185639,-9999.000000
Lincoyan,8.0,464.893518,158.498689,1012.648937,-9999.000000
Los Colonos,8.0,745.613865,136.574945,831.229753,-9999.000000
Patricio Lynch,8.0,725.890198,125.220796,915.830647,-9999.000000
Santa Marta,8.0,632.886900,83.992447,959.305557,-9999.000000
Cantera,8.0,566.775981,217.004996,1331.769015,-9999.000000
Decimo Sector,8.0,607.476906,386.859404,1049.812047,-9999.000000
Estero Viejo,8.0,581.970779,289.924122,791.046724,-9999.000000
Matilde,8.0,563.225476,218.746328,1563.899357,-9999.000000
San Cristobal,8.0,640.352848,386.491363,1101.954607,-9999.000000
Tierras Rojas,8.0,382.686564,197.949208,1104.437755,-9999.000000
Decimo Sector,8.0,602.761554,388.491389,1135.670641,-9999.000000
Matilde,8.0,562.805159,197.949208,1666.305279,-9999.000000
Los Pinos,8.0,612.383997,511.580928,968.821055,-9999.000000
Marga Marga,8.0,639.470682,432.805868,1106.271128,-9999.000000
60,8.0,608.281744,362.774768,1255.256388,-9999.000000
Castillo Blanco,8.0,428.648206,191.118035,1301.256687,-9999.000000
El Tranque,8.0,539.237488,143.664146,1438.759281,-9999.000000
Jose Miguel Carrera,8.0,407.531217,63.277501,1246.912288,-9999.000000
Las Rosas,8.0,540.498809,134.679136,1436.311169,-9999.000000
Piloto Pardo,8.0,493.125656,241.103231,1483.307950,-9999.000000
Porvenir,8.0,698.965850,474.956111,1323.553426,-9999.000000
Textil Viña,8.0,555.380529,297.535415,1436.311165,-9999.000000
21 de Mayo,8.0,762.969533,275.352443,1039.549279,-9999.000000
Barros Arana,8.0,644.430344,82.040866,1015.260995,-9999.000000
La Granja,8.0,768.857251,134.628547,1082.729648,-9999.000000
Las Viñas,8.0,768.857251,147.283952,1055.348998,-9999.000000
Los Estanques,8.0,768.857251,134.628547,1082.729648,-9999.000000
Mena,8.0,662.726023,204.125240,932.369811,-9999.000000
Pedro Montt,8.0,759.189509,227.008246,1032.123671,-9999.000000
Victoria Oriente,8.0,676.049430,191.563764,816.366723,-9999.000000
Victoria Poniente,8.0,676.638606,191.280523,814.311570,-9999.000000
Villa Olimpica,8.0,718.575774,122.847762,832.798173,-9999.000000
Araya,8.0,512.357534,296.814286,1410.098284,-9999.000000
Arturo Prat,8.0,644.430344,81.453524,1015.671185,-9999.000000
Blanco,8.0,629.705197,117.732321,861.187551,-9999.000000
Centro,8.0,656.643106,211.987100,993.628370,-9999.000000
Colina de Oro,8.0,664.885298,274.815198,1166.181077,-9999.000000
El Esfuerzo,8.0,552.046757,178.636237,1466.453580,-9999.000000
Emparte,8.0,644.430344,63.245902,1028.387077,-9999.000000
Esmeralda,8.0,595.480276,337.024542,1284.390207,-9999.000000
Liceo,8.0,637.067770,298.761924,1111.989927,-9999.000000
Poblacion Esperanza,8.0,549.220375,522.459102,1297.159446,-9999.000000
Poblacion Ferroviaria,8.0,407.531217,63.277501,1246.912288,-9999.000000
R. Sotomayor,8.0,555.865098,533.764994,1304.411708,-9999.000000
San Cristobal2,8.0,609.927130,410.768139,1399.446590,-9999.000000
Sol del Pacifico,8.0,574.913814,359.063940,1445.269051,-9999.000000
Soublete (Francisco Bilbao),8.0,623.753941,115.075988,892.347283,-9999.000000
Thompson,8.0,631.271702,126.766991,776.300141,-9999.000000
M. Mena,8.0,846.334483,94.743760,929.047737,-9999.000000
Manuel Rodriguez,8.0,814.719631,96.578186,909.045379,-9999.000000
No Organizada,8.0,739.057107,168.682195,894.294235,-9999.000000
Pompeya Norte,8.0,785.404733,100.968312,897.985970,-9999.000000
Pompeya Sur,8.0,790.678770,101.350437,895.981310,-9999.000000
Valencia Alto,8.0,857.236031,202.658222,896.295014,-9999.000000
Costa Sol,8.0,682.549285,127.933600,944.256857,-9999.000000
California,8.0,591.536868,107.952445,881.621612,-9999.000000
Camilo Henriquez,8.0,674.817278,68.214578,1101.070253,-9999.000000
El Bosque,8.0,737.115211,141.310026,832.827791,-9999.000000
El Sol,8.0,662.570305,67.851164,1061.679625,-9999.000000
General Baquedano,8.0,631.228133,111.642578,892.922614,-9999.000000
Infante,8.0,707.965820,184.691356,1030.438835,-9999.000000
Lo Gamboa,8.0,435.392220,61.349465,1225.854020,-9999.000000
Los Espinos,8.0,661.568122,74.536511,1066.157970,-9999.000000
Retiro,8.0,743.645491,156.220642,877.763702,-9999.000000
Viñas del Sol,8.0,607.830861,100.177645,924.557216,-9999.000000
Buenos Aires,8.0,759.220007,303.819286,966.341825,-9999.000000
Casa de Valencia,8.0,805.866755,126.575738,940.666850,-9999.000000
Hevia,8.0,788.852466,105.034440,868.757255,-9999.000000
Humbolt,8.0,768.857251,250.468339,1055.094861,-9999.000000
Phillips,8.0,829.572728,215.794981,894.897140,-9999.000000
Poblacion Argentina,8.0,610.040088,189.413587,928.394967,-9999.000000
Poblacion Canal Chacao,8.0,640.843465,144.627134,882.954382,-9999.000000
San Gregorio,8.0,778.277105,202.658222,910.063894,-9999.000000
Valencia Bajo,8.0,796.093703,125.070408,868.582017,-9999.000000
Villa Paso Hondo,8.0,698.600827,64.867030,956.788753,-9999.000000
Calicheros,9.0,382.728518,314.432381,498.556090,-9999.000000
Belloto 2000,9.0,359.475571,320.746266,630.585816,-9999.000000
Belloto Centro,9.0,384.355461,283.673885,587.112583,-9999.000000
Bernando Ohiggins,9.0,482.398960,274.568039,791.239826,-9999.000000
Cruz del Sur,9.0,383.420560,303.335772,697.473457,-9999.000000
82,9.0,368.481668,292.883331,615.239095,-9999.000000
Belloto Norte,9.0,285.067888,197.886283,621.993111,-9999.000000
E.E.U.U,9.0,338.821409,158.645178,599.657144,-9999.000000
Lincoyan,9.0,350.479692,318.037725,597.231149,-9999.000000
Los Colonos,9.0,434.357096,213.623622,623.983414,-9999.000000
Patricio Lynch,9.0,343.254023,216.891915,612.591559,-9999.000000
Santa Marta,9.0,278.147528,140.743829,650.458966,-9999.000000
Cantera,9.0,466.562285,283.567492,834.295963,-9999.000000
Decimo Sector,9.0,439.527729,304.558736,840.427162,-9999.000000
Estero Viejo,9.0,415.008897,280.036895,779.080688,-9999.000000
Matilde,9.0,440.830914,289.281980,834.674010,-9999.000000
San Cristobal,9.0,338.279277,288.289579,814.670650,-9999.000000
Tierras Rojas,9.0,407.410267,274.568039,824.259001,-9999.000000
Decimo Sector,9.0,444.757344,312.440347,849.817259,-9999.000000
Matilde,9.0,453.275690,310.441677,853.370921,-9999.000000
Los Pinos,9.0,420.831148,197.657417,760.220163,-9999.000000
Marga Marga,9.0,366.615037,230.019771,758.118938,-9999.000000
60,9.0,438.862042,299.407728,843.817289,-9999.000000
Castillo Blanco,9.0,393.356493,272.163401,807.798311,-9999.000000
El Tranque,9.0,402.926146,257.950891,683.102803,-9999.000000
Jose Miguel Carrera,9.0,376.288109,309.966796,644.720475,-9999.000000
Las Rosas,9.0,403.991668,255.870254,684.638096,-9999.000000
Piloto Pardo,9.0,473.401295,276.168672,738.535127,-9999.000000
Porvenir,9.0,340.491577,244.251094,812.878654,-9999.000000
Textil Viña,9.0,432.424750,287.079797,686.884895,-9999.000000
21 de Mayo,9.0,410.012997,261.467183,529.241417,-9999.000000
Barros Arana,9.0,249.814042,233.908810,784.303937,-9999.000000
La Granja,9.0,280.210377,261.179583,455.558620,-9999.000000
Las Viñas,9.0,288.805598,268.798986,478.837162,-9999.000000
Los Estanques,9.0,280.210377,261.179583,455.558620,-9999.000000
Mena,9.0,300.515226,230.565830,583.391883,-9999.000000
Pedro Montt,9.0,404.030564,259.393271,518.397636,-9999.000000
Victoria Oriente,9.0,315.622084,238.090253,593.460985,-9999.000000
Victoria Poniente,9.0,315.618570,238.517423,593.558153,-9999.000000
Villa Olimpica,9.0,317.512411,283.263126,490.298995,-9999.000000
Araya,9.0,413.800694,261.281637,533.970547,-9999.000000
Arturo Prat,9.0,249.508502,233.908810,784.783685,-9999.000000
Blanco,9.0,362.153674,234.408639,723.172104,-9999.000000
Centro,9.0,249.144951,226.764618,736.808028,-9999.000000
Colina de Oro,9.0,428.847450,261.319706,549.771140,-9999.000000
El Esfuerzo,9.0,409.467670,253.430094,652.348385,-9999.000000
Emparte,9.0,240.036764,225.029364,799.655879,-9999.000000
Esmeralda,9.0,378.092184,223.031471,536.305703,-9999.000000
Liceo,9.0,363.028107,224.668831,567.084252,-9999.000000
Poblacion Esperanza,9.0,349.439302,219.367980,452.299765,-9999.000000
Poblacion Ferroviaria,9.0,376.288109,309.966796,644.720475,-9999.000000
R. Sotomayor,9.0,340.776473,216.442829,461.983469,-9999.000000
San Cristobal2,9.0,436.283367,227.841919,565.670510,-9999.000000
Sol del Pacifico,9.0,472.287750,258.484239,669.014296,-9999.000000
Soublete (Francisco Bilbao),9.0,375.937421,252.300655,704.519786,-9999.000000
Thompson,9.0,347.565982,229.394852,743.142407,-9999.000000
M. Mena,9.0,340.648863,213.021543,456.928380,-9999.000000
Manuel Rodriguez,9.0,372.718263,174.192947,517.785932,-9999.000000
No Organizada,9.0,281.503838,100.377001,388.887134,-9999.000000
Pompeya Norte,9.0,380.941186,173.345088,540.595385,-9999.000000
Pompeya Sur,9.0,388.258944,167.551263,521.586212,-9999.000000
Valencia Alto,9.0,378.812460,213.724388,625.946536,-9999.000000
Costa Sol,9.0,361.968198,70.856984,470.068474,-9999.000000
California,9.0,453.275685,234.408639,592.952449,-9999.000000
Camilo Henriquez,9.0,453.275686,218.900201,683.657069,-9999.000000
El Bosque,9.0,483.191226,161.108081,628.298334,-9999.000000
El Sol,9.0,451.330470,222.132100,699.050122,-9999.000000
General Baquedano,9.0,369.708656,238.662229,714.643461,-9999.000000
Infante,9.0,248.651929,245.472624,700.254824,-9999.000000
Lo Gamboa,9.0,394.447453,352.890850,599.358211,-9999.000000
Los Espinos,9.0,453.275686,221.367453,600.945494,-9999.000000
Retiro,9.0,474.963709,165.702453,721.479732,-9999.000000
Viñas del Sol,9.0,453.275685,265.475568,558.636040,-9999.000000
Buenos Aires,9.0,363.055024,266.004589,547.047302,-9999.000000
Casa de Valencia,9.0,305.557943,209.082864,654.574789,-9999.000000
Hevia,9.0,402.956901,275.089096,805.051091,-9999.000000
Humbolt,9.0,383.694893,261.467183,516.212142,-9999.000000
Phillips,9.0,449.267170,251.678417,566.671862,-9999.000000
Poblacion Argentina,9.0,337.412907,97.098778,485.422681,-9999.000000
Poblacion Canal Chacao,9.0,204.924510,32.395601,488.810999,-9999.000000
San Gregorio,9.0,366.740240,183.042035,536.394258,-9999.000000
Valencia Bajo,9.0,426.567904,262.619088,762.107254,-9999.000000
Villa Paso Hondo,9.0,193.026993,168.292456,591.726054,-9999.000000
Calicheros,10.0,153.289414,88.735162,188.143057,-9999.000000
Belloto 2000,10.0,144.083209,90.141170,260.980143,-9999.000000
Belloto Centro,10.0,182.079797,105.949213,312.773868,-9999.000000
Bernando Ohiggins,10.0,134.192209,52.236071,170.140359,-9999.000000
Cruz del Sur,10.0,160.693580,94.919901,217.081659,-9999.000000
82,10.0,110.026212,74.291612,266.861303,-9999.000000
Belloto Norte,10.0,312.536780,69.934937,317.941870,-9999.000000
E.E.U.U,10.0,287.222841,106.576791,314.996674,-9999.000000
Lincoyan,10.0,201.487035,148.501652,298.190992,-9999.000000
Los Colonos,10.0,123.772926,43.673219,432.437960,-9999.000000
Patricio Lynch,10.0,239.997320,90.655786,358.912557,-9999.000000
Santa Marta,10.0,295.719210,110.614316,311.220533,-9999.000000
Cantera,10.0,137.008098,89.663907,147.901421,-9999.000000
Decimo Sector,10.0,124.647642,9.481434,226.799357,-9999.000000
Estero Viejo,10.0,75.796694,56.743648,175.256869,-9999.000000
Matilde,10.0,137.369214,98.838994,155.941609,-9999.000000
San Cristobal,10.0,106.635139,70.772273,176.720271,-9999.000000
Tierras Rojas,10.0,120.511060,63.453577,205.147037,-9999.000000
Decimo Sector,10.0,124.452482,20.985194,223.447855,-9999.000000
Matilde,10.0,121.236540,95.070130,172.398368,-9999.000000
Los Pinos,10.0,167.749638,129.713389,248.631990,-9999.000000
Marga Marga,10.0,139.664883,117.083420,219.402350,-9999.000000
60,10.0,115.949489,68.026396,196.812208,-9999.000000
Castillo Blanco,10.0,105.079507,54.310685,245.173237,-9999.000000
El Tranque,10.0,61.237715,-40.334670,297.360006,-9999.000000
Jose Miguel Carrera,10.0,69.934937,35.062457,192.325242,-9999.000000
Las Rosas,10.0,60.889826,-43.350555,307.730588,-9999.000000
Piloto Pardo,10.0,117.219781,40.888696,234.073534,-9999.000000
Porvenir,10.0,134.263605,65.465771,275.228887,-9999.000000
Textil Viña,10.0,151.812957,31.489478,201.498025,-9999.000000
21 de Mayo,10.0,125.622724,18.845702,206.165606,-9999.000000
Barros Arana,10.0,112.782259,56.509489,247.107832,-9999.000000
La Granja,10.0,118.625110,-19.330485,247.099294,-9999.000000
Las Viñas,10.0,118.625110,5.557903,234.013751,-9999.000000
Los Estanques,10.0,118.625110,-19.330485,247.099294,-9999.000000
Mena,10.0,117.343186,99.396470,175.240515,-9999.000000
Pedro Montt,10.0,111.739634,26.356729,210.903920,-9999.000000
Victoria Oriente,10.0,124.702797,103.913937,148.893593,-9999.000000
Victoria Poniente,10.0,124.816045,104.099103,148.453504,-9999.000000
Villa Olimpica,10.0,134.950620,65.141674,214.649393,-9999.000000
Araya,10.0,116.737095,16.786011,202.638803,-9999.000000
Arturo Prat,10.0,112.755208,56.336030,247.684566,-9999.000000
Blanco,10.0,126.072813,93.976691,265.563314,-9999.000000
Centro,10.0,111.230628,69.209221,250.144826,-9999.000000
Colina de Oro,10.0,139.068975,97.338055,246.260985,-9999.000000
El Esfuerzo,10.0,62.899851,-1.967490,294.642362,-9999.000000
Emparte,10.0,111.916651,50.958792,265.563314,-9999.000000
Esmeralda,10.0,114.016001,63.914427,227.584919,-9999.000000
Liceo,10.0,106.230611,96.420692,207.855055,-9999.000000
Poblacion Esperanza,10.0,124.518342,7.971333,321.721825,-9999.000000
Poblacion Ferroviaria,10.0,69.934937,35.062457,192.325242,-9999.000000
R. Sotomayor,10.0,123.622302,13.553444,318.994746,-9999.000000
San Cristobal2,10.0,158.876178,94.571293,216.270911,-9999.000000
Sol del Pacifico,10.0,150.627535,64.370818,214.405212,-9999.000000
Soublete (Francisco Bilbao),10.0,121.633283,88.218188,261.990725,-9999.000000
Thompson,10.0,126.593010,89.400318,265.563314,-9999.000000
M. Mena,10.0,127.175554,71.603594,234.223598,-9999.000000
Manuel Rodriguez,10.0,131.712524,80.804561,227.391596,-9999.000000
No Organizada,10.0,180.677933,145.371008,206.871290,-9999.000000
Pompeya Norte,10.0,132.875849,82.621969,225.639800,-9999.000000
Pompeya Sur,10.0,137.313629,89.680497,216.760263,-9999.000000
Valencia Alto,10.0,191.958444,110.355028,207.516369,-9999.000000
Costa Sol,10.0,167.691837,131.441483,241.437846,-9999.000000
California,10.0,89.431977,37.452101,450.954666,-9999.000000
Camilo Henriquez,10.0,97.744965,38.095455,273.602606,-9999.000000
El Bosque,10.0,91.451944,63.853073,330.629155,-9999.000000
El Sol,10.0,105.764129,36.524325,349.230585,-9999.000000
General Baquedano,10.0,122.651495,83.482803,274.917320,-9999.000000
Infante,10.0,109.344910,50.710288,235.941547,-9999.000000
Lo Gamboa,10.0,71.975825,45.830075,234.810806,-9999.000000
Los Espinos,10.0,88.152919,66.062928,316.610699,-9999.000000
Retiro,10.0,91.527034,10.197255,380.693881,-9999.000000
Viñas del Sol,10.0,92.449130,49.248531,442.438071,-9999.000000
Buenos Aires,10.0,179.805161,21.762975,199.429281,-9999.000000
Casa de Valencia,10.0,155.992547,68.658933,267.889596,-9999.000000
Hevia,10.0,152.987981,101.932739,236.369546,-9999.000000
Humbolt,10.0,110.205058,26.186418,213.403880,-9999.000000
Phillips,10.0,161.047003,55.300842,215.445583,-9999.000000
Poblacion Argentina,10.0,185.562119,58.889892,217.488636,-9999.000000
Poblacion Canal Chacao,10.0,175.321956,27.804883,278.154728,-9999.000000
San Gregorio,10.0,189.370516,89.038551,237.187524,-9999.000000
Valencia Bajo,10.0,159.649150,100.223947,233.533746,-9999.000000
Villa Paso Hondo,10.0,148.272048,54.196702,407.847081,-9999.000000
Calicheros,11.0,200.655337,109.850873,262.529189,-9999.000000
Belloto 2000,11.0,157.537794,46.468519,233.840878,-9999.000000
Belloto Centro,11.0,136.239903,46.967912,258.723011,-9999.000000
Bernando Ohiggins,11.0,198.201656,109.282229,256.617997,-9999.000000
Cruz del Sur,11.0,135.331932,87.324231,240.987948,-9999.000000
82,11.0,151.381661,28.491134,221.916580,-9999.000000
Belloto Norte,11.0,82.845753,1.921949,308.273889,-9999.000000
E.E.U.U,11.0,140.038024,15.257458,269.420443,-9999.000000
Lincoyan,11.0,111.668710,40.292229,248.154124,-9999.000000
Los Colonos,11.0,141.915160,44.964646,211.916927,-9999.000000
Patricio Lynch,11.0,135.142637,34.222627,236.937820,-9999.000000
Santa Marta,11.0,148.721739,8.476066,297.506875,-9999.000000
Cantera,11.0,183.530644,98.223523,259.671236,-9999.000000
Decimo Sector,11.0,177.817252,145.881873,241.894874,-9999.000000
Estero Viejo,11.0,182.296905,124.709358,237.837818,-9999.000000
Matilde,11.0,170.724355,91.572482,265.691598,-9999.000000
San Cristobal,11.0,189.859105,147.860471,225.876773,-9999.000000
Tierras Rojas,11.0,192.641398,109.037274,259.532466,-9999.000000
Decimo Sector,11.0,175.134744,130.639674,243.497821,-9999.000000
Matilde,11.0,168.577739,82.365099,268.028122,-9999.000000
Los Pinos,11.0,129.247832,52.590246,236.913741,-9999.000000
Marga Marga,11.0,124.031898,24.909002,198.394170,-9999.000000
60,11.0,173.343510,111.660743,235.272171,-9999.000000
Castillo Blanco,11.0,172.362094,118.292660,254.379688,-9999.000000
El Tranque,11.0,159.072206,143.653562,227.488026,-9999.000000
Jose Miguel Carrera,11.0,147.169226,58.686374,214.430411,-9999.000000
Las Rosas,11.0,161.234304,145.328814,227.025739,-9999.000000
Piloto Pardo,11.0,161.299781,123.576133,246.477519,-9999.000000
Porvenir,11.0,129.097628,16.403299,164.240353,-9999.000000
Textil Viña,11.0,150.357477,112.098615,255.264002,-9999.000000
21 de Mayo,11.0,133.151750,72.393379,169.673131,-9999.000000
Barros Arana,11.0,129.318215,58.302427,193.662185,-9999.000000
La Granja,11.0,167.038410,67.010999,296.471962,-9999.000000
Las Viñas,11.0,172.794971,80.617304,278.290377,-9999.000000
Los Estanques,11.0,167.038410,67.010999,296.471962,-9999.000000
Mena,11.0,186.165155,141.729527,209.113650,-9999.000000
Pedro Montt,11.0,152.461727,67.398624,196.761966,-9999.000000
Victoria Oriente,11.0,185.788697,157.660980,211.974102,-9999.000000
Victoria Poniente,11.0,185.842816,157.904968,212.014549,-9999.000000
Villa Olimpica,11.0,168.885806,123.316305,269.127407,-9999.000000
Araya,11.0,166.477023,126.729809,253.851986,-9999.000000
Arturo Prat,11.0,129.151500,58.089716,193.587457,-9999.000000
Blanco,11.0,152.996116,79.083106,234.037310,-9999.000000
Centro,11.0,133.699842,46.830685,183.284550,-9999.000000
Colina de Oro,11.0,173.903787,110.418681,282.251140,-9999.000000
El Esfuerzo,11.0,164.633537,143.759603,234.720646,-9999.000000
Emparte,11.0,123.983320,51.495674,191.270887,-9999.000000
Esmeralda,11.0,163.173476,105.144512,272.768808,-9999.000000
Liceo,11.0,166.822795,97.513386,253.288431,-9999.000000
Poblacion Esperanza,11.0,170.217074,126.742389,319.201785,-9999.000000
Poblacion Ferroviaria,11.0,147.169226,58.686374,214.430411,-9999.000000
R. Sotomayor,11.0,170.821043,130.373105,309.778887,-9999.000000
San Cristobal2,11.0,178.513190,138.617789,314.469324,-9999.000000
Sol del Pacifico,11.0,143.966193,102.831622,286.146481,-9999.000000
Soublete (Francisco Bilbao),11.0,152.996116,80.189893,230.694887,-9999.000000
Thompson,11.0,154.344011,69.987487,225.053327,-9999.000000
M. Mena,11.0,144.417241,69.192462,257.899208,-9999.000000
Manuel Rodriguez,11.0,133.456748,75.390629,237.432033,-9999.000000
No Organizada,11.0,135.331543,67.627460,225.402512,-9999.000000
Pompeya Norte,11.0,133.703066,73.923201,232.184039,-9999.000000
Pompeya Sur,11.0,131.430015,71.557997,233.365225,-9999.000000
Valencia Alto,11.0,78.651202,48.416095,146.031615,-9999.000000
Costa Sol,11.0,116.256584,53.357608,168.784995,-9999.000000
California,11.0,103.038562,68.211255,233.246334,-9999.000000
Camilo Henriquez,11.0,113.410832,87.090012,284.097481,-9999.000000
El Bosque,11.0,164.620306,96.122395,229.853813,-9999.000000
El Sol,11.0,106.392454,89.924713,272.519530,-9999.000000
General Baquedano,11.0,154.070015,81.940867,230.292042,-9999.000000
Infante,11.0,123.310625,47.456799,180.204054,-9999.000000
Lo Gamboa,11.0,138.541781,63.924094,225.553594,-9999.000000
Los Espinos,11.0,107.663125,88.184147,282.710080,-9999.000000
Retiro,11.0,104.591487,63.538355,231.875183,-9999.000000
Viñas del Sol,11.0,101.986650,74.986195,245.441672,-9999.000000
Buenos Aires,11.0,122.021294,39.508513,158.257635,-9999.000000
Casa de Valencia,11.0,111.955035,88.076494,160.043812,-9999.000000
Hevia,11.0,119.134500,34.065715,141.828928,-9999.000000
Humbolt,11.0,147.536627,69.414349,183.702152,-9999.000000
Phillips,11.0,125.455189,71.035200,159.257590,-9999.000000
Poblacion Argentina,11.0,89.836262,51.081456,154.178348,-9999.000000
Poblacion Canal Chacao,11.0,108.379943,61.579446,133.035802,-9999.000000
San Gregorio,11.0,80.275298,33.725540,148.132959,-9999.000000
Valencia Bajo,11.0,120.887262,46.135325,145.877427,-9999.000000
Villa Paso Hondo,11.0,104.204326,59.663795,166.362092,-9999.000000
Calicheros,12.0,118.794492,47.729020,144.514798,-9999.000000
Belloto 2000,12.0,96.137264,66.068946,156.786381,-9999.000000
Belloto Centro,12.0,110.384590,64.371385,192.792390,-9999.000000
Bernando Ohiggins,12.0,99.705926,61.522982,115.216847,-9999.000000
Cruz del Sur,12.0,98.111786,48.484325,158.048913,-9999.000000
82,12.0,109.399502,52.337158,152.925079,-9999.000000
Belloto Norte,12.0,100.576925,54.596575,229.839192,-9999.000000
E.E.U.U,12.0,118.603791,64.238701,231.878031,-9999.000000
Lincoyan,12.0,132.902462,63.226626,218.067448,-9999.000000
Los Colonos,12.0,118.825094,78.515785,207.465560,-9999.000000
Patricio Lynch,12.0,93.709508,51.714942,222.941914,-9999.000000
Santa Marta,12.0,86.856680,41.437733,252.030166,-9999.000000
Cantera,12.0,104.027688,88.931399,122.799964,-9999.000000
Decimo Sector,12.0,95.444214,39.378555,123.628453,-9999.000000
Estero Viejo,12.0,75.670498,50.886980,113.027244,-9999.000000
Matilde,12.0,109.547862,83.593217,144.375302,-9999.000000
San Cristobal,12.0,100.566849,35.655411,125.007304,-9999.000000
Tierras Rojas,12.0,94.148254,75.235075,134.160558,-9999.000000
Decimo Sector,12.0,93.241372,47.621931,135.369088,-9999.000000
Matilde,12.0,106.992302,88.269625,153.655681,-9999.000000
Los Pinos,12.0,63.104462,-15.608580,123.206271,-9999.000000
Marga Marga,12.0,74.684417,3.828568,120.212480,-9999.000000
60,12.0,94.613659,57.561752,145.029034,-9999.000000
Castillo Blanco,12.0,97.440620,91.498263,149.754984,-9999.000000
El Tranque,12.0,115.529728,89.547888,133.527724,-9999.000000
Jose Miguel Carrera,12.0,70.333670,25.470814,170.856305,-9999.000000
Las Rosas,12.0,113.734784,92.110971,135.112271,-9999.000000
Piloto Pardo,12.0,127.958859,79.254232,130.615879,-9999.000000
Porvenir,12.0,71.794133,36.943807,136.745555,-9999.000000
Textil Viña,12.0,97.159149,46.524580,138.110236,-9999.000000
21 de Mayo,12.0,109.469577,26.230598,157.111336,-9999.000000
Barros Arana,12.0,77.805593,-22.515898,171.129104,-9999.000000
La Granja,12.0,153.658613,6.539584,186.456967,-9999.000000
Las Viñas,12.0,148.951198,8.826935,177.108915,-9999.000000
Los Estanques,12.0,153.658613,6.539584,186.456967,-9999.000000
Mena,12.0,113.338624,31.791234,143.794848,-9999.000000
Pedro Montt,12.0,127.222155,12.936824,159.078408,-9999.000000
Victoria Oriente,12.0,115.148268,35.061441,138.278318,-9999.000000
Victoria Poniente,12.0,115.224961,35.090420,138.195027,-9999.000000
Villa Olimpica,12.0,148.478338,28.639797,153.305681,-9999.000000
Araya,12.0,113.587439,57.582987,157.911546,-9999.000000
Arturo Prat,12.0,77.578645,-22.775260,171.304827,-9999.000000
Blanco,12.0,113.567150,-24.298063,183.935074,-9999.000000
Centro,12.0,85.327668,-18.539608,165.811393,-9999.000000
Colina de Oro,12.0,112.118440,-0.593636,127.559773,-9999.000000
El Esfuerzo,12.0,125.733709,88.457104,132.070641,-9999.000000
Emparte,12.0,70.543259,-30.315388,176.752220,-9999.000000
Esmeralda,12.0,106.434486,17.464050,168.221229,-9999.000000
Liceo,12.0,105.755646,10.473512,171.818462,-9999.000000
Poblacion Esperanza,12.0,104.370781,53.149288,148.582088,-9999.000000
Poblacion Ferroviaria,12.0,70.333670,25.470814,170.856305,-9999.000000
R. Sotomayor,12.0,100.962250,55.753696,148.967005,-9999.000000
San Cristobal2,12.0,99.252368,6.152445,150.520035,-9999.000000
Sol del Pacifico,12.0,79.619279,33.146534,127.323048,-9999.000000
Soublete (Francisco Bilbao),12.0,111.458199,-21.870313,183.937446,-9999.000000
Thompson,12.0,108.990140,-24.991405,183.170941,-9999.000000
M. Mena,12.0,138.482157,16.840744,194.972990,-9999.000000
Manuel Rodriguez,12.0,119.599409,25.996508,207.505292,-9999.000000
No Organizada,12.0,144.378598,77.327975,171.523630,-9999.000000
Pompeya Norte,12.0,114.757679,28.344140,210.718702,-9999.000000
Pompeya Sur,12.0,115.550831,31.521646,210.389939,-9999.000000
Valencia Alto,12.0,119.304314,68.159536,165.786802,-9999.000000
Costa Sol,12.0,136.073068,77.917829,156.408117,-9999.000000
California,12.0,150.404052,77.894276,207.652262,-9999.000000
Camilo Henriquez,12.0,94.196481,3.974570,142.588015,-9999.000000
El Bosque,12.0,96.119878,48.123845,142.073165,-9999.000000
El Sol,12.0,92.360487,17.963705,138.170152,-9999.000000
General Baquedano,12.0,111.656244,-16.279058,175.538129,-9999.000000
Infante,12.0,91.056630,-4.420279,154.098071,-9999.000000
Lo Gamboa,12.0,77.289948,33.837485,168.695799,-9999.000000
Los Espinos,12.0,98.324493,29.499294,148.077313,-9999.000000
Retiro,12.0,60.509375,19.718564,107.587449,-9999.000000
Viñas del Sol,12.0,147.542605,68.219253,202.671841,-9999.000000
Buenos Aires,12.0,123.070267,20.674008,144.760971,-9999.000000
Casa de Valencia,12.0,126.734187,103.440322,195.544632,-9999.000000
Hevia,12.0,123.413673,50.480272,173.522970,-9999.000000
Humbolt,12.0,119.474069,21.518991,160.109925,-9999.000000
Phillips,12.0,132.566034,51.016788,139.897961,-9999.000000
Poblacion Argentina,12.0,138.061872,65.412769,161.730407,-9999.000000
Poblacion Canal Chacao,12.0,115.726097,42.087358,173.317219,-9999.000000
San Gregorio,12.0,120.515927,71.039978,164.611617,-9999.000000
Valencia Bajo,12.0,127.260734,54.236166,166.180614,-9999.000000
Villa Paso Hondo,12.0,146.329915,137.838113,221.978976,-9999.000000
